Rank,Network,Address,Prizes,Balance,Winrate
1,0xac4b04156278634d81995aa1594f266d9c5b65b1,polygon,2531,2740,1209.04%
2,0x35b0f6fbe08a3c7a1e412a514e9e02f85d01c1a4,polygon,2500,2742,1032.09%
3,0xb28dd17a394e7202d154981fa5f487483c4233bd,polygon,2572,2953,655.24%
4,0x85bd4f508b2cd7a17bdfca628059b3b787546726,polygon,2602,3054,575.42%
5,0xe84b0443b8341d9c215a150ff208c0ce5d2d9a74,polygon,2596,3463,299.41%
6,0xe8b2e185511c72daf409e2976717a7cdd1c93100,polygon,200,270,283.69%
7,0x131714f33164d7e2bc5cccc294f545592e1b0de4,polygon,10,14,250.00%
8,0x2dab41f30a18816b778aee9277ed9059994bff9e,polygon,200,282,244.35%
9,0xa83e512702d1dc2df2c755a0aa8815d8a63054b8,polygon,10,15,200.00%
10,0xae9d5647400ce620dcf954b0f822976ced9a6504,polygon,10,15,197.94%
11,0xa3bd3cc8207cfe58e71003e6d1d64256b2375467,polygon,10,15,193.06%
12,0x930b797b7787a28df9c5d9a6fa038233b7584f38,polygon,51,78,185.78%
13,0x6277f0457cbd2ded7ba93a8338d1deb1d08a8795,polygon,2862,4763,150.58%
14,0xbf4c544b70100d72c5c40e4521b600fe62a22b87,polygon,125,212,142.99%
15,0xb79c7539459c11aacc4ce73e9809ef5ae697e856,polygon,5,9,125.00%
16,0x02e262d07bdb8ad09bbf83f3bc23c55ecbda0f8b,polygon,236,427,123.77%
17,0xc5e9d01f386430c393a190708b8dcbdae258e4ec,polygon,123,223,123.00%
18,0x9df8754f8cf270e08687b2fe1f479c757310b4ca,polygon,110,210,110.00%
19,0x22e5e9cba59e00e2a4bc0f6845d6313b4f3e9734,polygon,53,102,107.66%
20,0x8ae76ffd692ed84ec160455cd15408fb5d8a00a4,polygon,2610,5110,104.40%
21,0x8239daff648a042792de76ca37ccf8021eb4ae4c,polygon,10,20,103.58%
22,0xa7edf97e7998de170f97d7d4317625cff7bbbcb9,polygon,215,408,101.22%
23,0x52876dafdc67238390477bb2403bdc8021944ddc,polygon,100,200,100.00%
24,0x139660bbfd2936ec6b37c6aa46d7476c7b48481c,polygon,50,100,100.00%
25,0x9fbd00df3f16c3fc39826408e67f1d11d9b4f8d1,polygon,10,20,100.00%
26,0xf3150524baa0e7a4bea32779a48b48a8fe8396de,polygon,10,20,100.00%
27,0xf3ba96cd93c013def2bacf56c20cf1339ddee80b,polygon,10,20,100.00%
28,0xdb576efe338dc2b92b4f0a0d576d08f8c4ece517,polygon,5,10,100.00%
29,0xcccf8d834febceb948cfa1349359907289de5c3e,polygon,10,20,100.00%
30,0x21909e494a1d00b4e30a918207350ced6da16b45,avalanche,201,403,98.31%
31,0x2f49b721cc086be9495d5067958f69098d3c72ab,polygon,2606,5383,93.86%
32,0x9ef06cd97cf751f91a58577de9276223096d4071,polygon,6,13,88.81%
33,0x65bb87fff283eb02be1ecf6882fd6f2f56768f82,polygon,10,22,83.33%
34,0x995d4816d5007b8ed0b7d93ce3c18aaade42e382,polygon,3113,7046,79.15%
35,0xf77e2c9b9ea81843d97a034e50aaa61b54edcc92,polygon,5,12,74.61%
36,0xf238546013bc65fca193d518a37c32e3fea4734e,polygon,51,123,71.23%
37,0xa798d64425a2afac9575920df861990a8e1b69a9,polygon,10,24,68.97%
38,0x247c0f2d83934996b44a237bb9503a554eda34e7,polygon,2720,6673,66.82%
39,0x7794223c2933504e3f17c4ff48d4b22f05bfb7e7,polygon,2887,7234,66.41%
40,0x5e4c09abf931b6369ab451503be546241a101fdc,polygon,3052,7948,61.84%
41,0x585fced8e5d357d6f7192de41d0b2d839795d437,polygon,3056,8043,61.25%
42,0x94534412c17f2e58c85ff2d2ecb98a6cb79bbde3,polygon,111,296,60.09%
43,0x16a92f145f3b9ddca3bfc7e9d7fe97f1b193c22a,polygon,2700,7319,58.11%
44,0x855f8662c39a0ce5b3aee1356b08265a42f91dab,avalanche,51,139,57.95%
45,0x88ba1362e57f67f13e0eb14733d9aaf6a04f1b9b,polygon,57,156,57.36%
46,0xb2ecd356ecac9a1c3926bd97a270de463309d8ac,avalanche,1040,2866,56.94%
47,0xaa8a19d6bf655bfa3c448248ad2482d05bab6f98,polygon,1136,3136,56.80%
48,0xc779f7bd848b56a606d8c61502da8264b11f420d,polygon,2562,7079,56.68%
49,0x3dd1b656fcc459cc4cf203b53aaabf8c85181f1d,polygon,123,345,55.46%
50,0xa7578e4bb964ee07b74592bdd04327b377065b7d,polygon,110,310,55.00%
51,0x3cdab005d5bd647dcf7423febe6fafa157c49d2e,polygon,241,664,54.42%
52,0x2ef5d7f622ef16f6c0846347f51a049d2ed83c3c,polygon,10,29,53.76%
53,0x9cb5433d5c5bddc5c480103f06f03db13b36b7c9,polygon,51,146,53.44%
54,0x2f443aa0673d9416e15788dc92326f02dcc8fc31,avalanche,50,145,52.38%
55,0xa5b3a7aadca7538604feecf36ed53f2ed51ec5c5,polygon,10,29,51.94%
56,0x2e69476d174e9cac1c9c1529c67c5ae66fe933ff,polygon,193,566,51.72%
57,0xc699cfad26aeb158931fb6698311e3b518e98898,polygon,103,302,51.63%
58,0x6e2b5725f1b2222a9acf63742b4a98a11adbb204,ethereum,204,600,51.52%
59,0xb35e71b6a5aebb07dfc3aa705968411ebdbc003f,polygon,51,151,50.78%
60,0xf424b292f7177c96f6b26325017360579ffa88d6,polygon,590,1502,50.20%
61,0x727df4ab614e0025637c4d23b48171054e0f6dde,polygon,50,150,50.00%
62,0xc554b7f10c4a60233fb0556cb972cec937371cfc,polygon,5,15,50.00%
63,0x431166a06007435516d8e1e1ce11504ff626ee2c,polygon,5,15,50.00%
64,0x751e7c8d4878f74817dfefb381c2fea0a913a543,polygon,10,30,49.97%
65,0xcbda66a945936a7ae3329e052ad55916839190f7,polygon,5,16,45.45%
66,0xb176497c102f6cb1aa64a9de684108db018d5123,polygon,1018,3280,45.01%
67,0x0092f2ed23041e6c1355d94a9f4338cf779d03d4,polygon,2950,9589,44.44%
68,0xd1dc4240b07f8b68b0585a3b02403e31f783bf57,polygon,222,722,44.40%
69,0xa0e7549de2e5217f89d306cbcb514047630d6649,polygon,10,33,43.48%
70,0x6bfc2cc988c513a481607777990f7799e84b1442,polygon,134,445,43.09%
71,0x48732a9dbadb474d25100191f8b564c46aa009c5,polygon,5,17,42.77%
72,0x49597c83b4be31c6e676a8e3b4ae7968d3e5c795,avalanche,211,708,42.45%
73,0xb716c4e29a1dbb338f07e8e3aa72052a3a925828,polygon,3458,10982,42.14%
74,0x4176d5d5813bb33f1761dbef41107ec1728062f6,polygon,1740,5802,42.13%
75,0xad4810cf053d329793fc1ad96eced83bfbb435b3,polygon,60,204,41.69%
76,0xa6faa95b692962d1faaa6b43a6f20545e0d40861,polygon,4173,13764,41.63%
77,0x42a49ff24567797e9be3340decbe62559dfa84b2,polygon,217,739,41.57%
78,0x8b7230f45209306aee243cb0fee41438f1e15f94,polygon,10,35,40.06%
79,0x042d60e7dc84756d93faa21a30aa8deff13fbae9,polygon,15,35,40.00%
80,0x4971c2d9bfce50de9485bdc1c56f7dd4c458dee1,polygon,207,726,39.91%
81,0xbd5647df24009b536efdb95f8a86056f0e7b6ef6,polygon,57,200,39.86%
82,0x03b28e16bf0688cd788da115ceed03a12e1e3a0e,polygon,1125,3921,39.74%
83,0x0b27e0972063fe78bbbe9cc193afad9cf2402d88,polygon,903,3210,39.08%
84,0xddb54301279ace9c2e004f3cc34a301bbafed24f,polygon,353,1266,38.64%
85,0xcdb1214b924e962b2faf6b0a06e5cd1a269309d9,polygon,52,187,38.42%
86,0xdbd4d035782e6cd9c234d451d342c4a4fc357140,polygon,1181,4216,38.23%
87,0xe68e7f19f72499dc02388caca54a1df55c2111b7,polygon,2886,10364,38.04%
88,0xd81f29339146c36b1a662456151b3017ea1bd15e,polygon,113,413,37.67%
89,0xb341f93b91f3052478bb46872b3cb6c99741a0d2,polygon,110,406,37.20%
90,0xba8b871fed50bf9e764a4b350c01ec3ca5d03f28,polygon,20,74,37.04%
91,0x2cf0ca740adabb1f69d541084e0e883512c1549e,polygon,50,191,35.46%
92,0x65d3c91a60c0953247a1fb0806d5078032e33803,polygon,53,203,35.34%
93,0x3843dd8e25bdc5d00d67400bb7be6c3aa525d5fa,polygon,118,438,34.77%
94,0xb9a28ce32dca69ad25e17212bc6d3d753e795aae,polygon,911,3534,34.73%
95,0xe493a6ff589c4e63c73546d9eabb06e2695e782f,polygon,3299,12984,33.92%
96,0x47fbd31c8a6a16794e87fcd49561d6ff26b8357c,polygon,69,273,33.86%
97,0x1dc5e15fba2a72a06a9dfeee675e7a1935c5e08d,polygon,1119,4432,33.78%
98,0xc40d92274004f749fb73e9b206687d88a1ad8b2e,polygon,107,406,33.50%
99,0x3aa8826ac7a2a0fc3f69037796b1f768f1970679,polygon,5,20,33.33%
100,0xb4b5eb3d4a8601fd5b959d732c26f3c13f655ae9,polygon,33,133,33.00%
101,0x20507895512019851f19cc9906e4a8d460cfe711,polygon,113,464,32.18%
102,0x434cb2135f0ca1063714f9f2003df446c64e0504,polygon,16,66,32.00%
103,0xa1bd4ab0a21e55c136b45c278ad36bde9362331d,polygon,16,66,31.99%
104,0xd4690ced27007fed0c3fb1738b1e031d6d8092b0,polygon,3328,13756,31.79%
105,0x9d44bd5cd98ce450800c92db41a7ce38f81966cc,polygon,50,210,31.25%
106,0x306a222a9e2bbb65db069fdefd7ab5d515dfa7bb,polygon,2829,11812,31.13%
107,0x7c792462350ef7e870da112fed29cca6fa4807f9,polygon,143,603,31.09%
108,0x97255e94f490a76b78d01f54a75d88221f739f6e,polygon,62,262,31.00%
109,0xf81cf588c563c4134b26eac8dd468aba887f41b5,polygon,3337,13092,30.92%
110,0xca7c19b8948d7438d73cdaca750d048304106972,polygon,50,212,30.84%
111,0x958edad91f2308122c17e689bac02f0409769c48,polygon,308,1308,30.80%
112,0xe52fbcce94f189835769e322e3d0794823027256,polygon,6,21,30.73%
113,0x1ff01b9771d572278d2e8484c82af1baaad564f5,polygon,15,64,30.61%
114,0xe3d799b498b5f307ba252a9f609e93a2faf37172,polygon,4116,13092,30.58%
115,0x9986a375b1ebdcd902e687d4285c5fe7edd0fc9e,polygon,230,986,30.40%
116,0xb68037da5a373b739cf61f110468db4df60e35c8,polygon,3026,12979,30.34%
117,0xbe260b86e2ee35a406f9154107f242882ab00aee,polygon,120,520,30.00%
118,0x01e49a96dcf1eee6a4095f22b68150d5fea8e0a8,polygon,15,65,30.00%
119,0xc27ffba63dd776c70d000de5a1983f3a6af04348,polygon,15,65,30.00%
120,0xbe80d8c96c0d5b5aed63b370b495650f30be3724,polygon,2970,12879,29.97%
121,0x9c99bf82fc38713c471d4415f66c8336d361501a,polygon,51,222,29.81%
122,0x74060aebcddace26962f5614f12428c70e2492ca,polygon,2943,12943,29.43%
123,0x42e059464f3ba130da6abafee7ad2efe17467e35,polygon,5913,25891,29.40%
124,0x0d19c80723d6f00f4aa7ca9ee9e5b305f6ba662d,polygon,20,88,29.37%
125,0x99fa48ccea8a38cde6b437450ff9bbddafaa4fc8,polygon,100,441,29.30%
126,0x187dcdaac283c78f95a8c2ef3ba611b958f4f3e8,polygon,3377,15053,28.92%
127,0xd04d8d6adcd5eb64febf3423f42ac04e2c8e0cd5,polygon,5,22,28.88%
128,0x728bb9dc48e49708c80d3d400b79fecb55d1852c,polygon,3540,15465,28.87%
129,0x7c9f3e156cd790f07cc4691fad4c70bfed17a8c3,polygon,128,573,28.76%
130,0x8632e5f7846d8cce3e36434321814ea7b83b18c3,polygon,100,450,28.57%
131,0xc11997d1b87c88468f4b8488b5f8c05c10d2b9ca,polygon,10,45,28.47%
132,0x3ed83c8688f98d23a987be2156f97178ea5f621d,polygon,274,1244,28.25%
133,0x04c97fcf119e7c3483869b4f11f2c3168558fa0f,polygon,2764,12578,28.16%
134,0x232cd5ed6c69bfdc4ed9b4c3d8923961ea4b439c,polygon,41,141,28.14%
135,0x606e8390e38792e6165275677b7baf26b216c5d5,polygon,56,255,28.13%
136,0x564fc5027be63048121d54608cabf441e1f63473,polygon,63,287,28.12%
137,0x5f6ff76b0ac3b9dad67764795b97b86bbb744039,polygon,71,324,28.12%
138,0x9af4d9d1d47419be75de41b7fcd08ec96f239e6b,polygon,28,128,28.00%
139,0xe04c6ea986f4c498c24d3e3802ef01d4466891ff,polygon,10,46,27.46%
140,0xd6f6385f9650015def77f5437f2f7c5ee3d2f372,polygon,26,122,27.10%
141,0x2d3e69d03a23560e5f56999f7f100e43a4ba3f27,polygon,648,3047,27.01%
142,0x547aef0f1e3fd58ef5e83f168ff6ddc35013d5e0,polygon,109,511,26.81%
143,0xd01bd6af7777e339bb8996309aa19c6bb76729fc,polygon,20,95,26.76%
144,0x5da68351bd082abda73e42ac981db51d9364fe69,polygon,25,119,26.63%
145,0xe99bb31727182cac99d5e93eee071723e821b57d,polygon,390,1878,26.22%
146,0x1cd9ccbd1059740ace1117c22b25a4c21e62faf2,polygon,15,48,26.17%
147,0x7be8688eff7181b292678d74c26b3ff3183c1a1e,polygon,132,638,26.11%
148,0x7104926c34ecf1b8fe583dcd3c19883b3308d5da,polygon,2583,12578,25.78%
149,0x5102009e110466f69c1e82d0c64ef969339648d4,polygon,52,254,25.74%
150,0x7d8dd9fee145ebf10ca5e26479f4a32aeb0a0fba,polygon,256,1252,25.71%
151,0x3f39a31f3ee244ee553fbdee44ee8a499a2d6d23,polygon,11,49,25.58%
152,0x9b839ab0ce5d936ddd0d2a90a65b8e1f92b33fe5,ethereum,50,247,25.41%
153,0xbbb0b369d838ae69790da1125c917531c439856f,polygon,10,50,25.28%
154,0xf5bafad4355038fb323fc7a826d63bc6f57bd88a,polygon,140,694,25.26%
155,0x11b6a5fe2906f3354145613db0d99ceb51f604c9,polygon,887,4377,25.23%
156,0x64910e0155e7fe1eb5a51c7694219fadbee4470a,polygon,250,1194,25.16%
157,0x60c8eed11cccab1e6d75a825dd9f36d85d855c53,polygon,25,125,25.00%
158,0xcd762194c835f469fe008b10f97b41373b301767,polygon,1,5,25.00%
159,0x663de07a0875072a3c2793fd1d66fa7e27c37b58,polygon,2,5,25.00%
160,0xe2c54bf3ec68ea57187bd35fed74dbcf4607af6b,polygon,157,735,24.99%
161,0x64bcca4ba670cb6777faf79a2406f655d85cf402,polygon,1588,7927,24.95%
162,0x7056d02e00a19e6d296ee00c706308384a44fd29,polygon,126,631,24.93%
163,0xc66a0fe3f77aa6c6bc49a245504788edf573e3e9,polygon,372,1872,24.80%
164,0x02618b197ec28026cc05d97c4501d3113c4b5722,polygon,195,995,24.37%
165,0xca7a7ea3e838fa00fff5b62510f0e3623ae6606d,polygon,3856,19829,23.99%
166,0xc28bbeb8dcf086aeaf6e50259c553288a16e2a97,polygon,7043,36883,23.60%
167,0xc9b5f7f4a2af47a9a9215d957a8685efb4e67e6a,polygon,123,660,22.91%
168,0x685c66df2a77fbc188371b3470d5a2adca538a03,polygon,6160,31961,22.87%
169,0x8a1ec127978bcc7499b2a188df2bd1810f522ac7,polygon,20,108,22.71%
170,0xc517d047fd40ebf95d8ab89980097de2127050fc,polygon,2819,15241,22.69%
171,0x1f5f84940f3d5dfb72cf4df10df3234f02794ca9,polygon,3046,16536,22.58%
172,0xb3b376fe733f09c6fe05c274cbee8e80d29cfd39,polygon,51,274,22.36%
173,0x719f321251f939aacff1e98801a67bfcb6cea7a8,polygon,3733,20486,22.28%
174,0x8b5f0a166edba65a7fcdc3cfd7643cbe54dd55e9,polygon,296,1624,22.28%
175,0xd4206305bc1ecf165570256c029e246ccb73e630,polygon,10,55,22.22%
176,0x8c70a86c5b21deb6b52c7cea861fe0108d59160a,polygon,10,55,22.22%
177,0xb42b583709239c87308596bb5d30d826213f8fa7,polygon,10,55,22.11%
178,0xd96f342392dc3da1ef160a19d3562611219cb56d,polygon,10,56,21.91%
179,0x968e134be5f22ff7fe5062e39bf17d8cb2071da0,polygon,3465,19438,21.62%
180,0x915e0833be6713260af1ccf7467a37411fb790c0,polygon,3448,19416,21.56%
181,0x1674aca0220c10afc4b70cbb2721b3613974bd9f,polygon,3546,20090,21.21%
182,0x6fed43575ae278d4a14229566898e06a774a5289,polygon,21,121,21.06%
183,0x69b2cd97b2fb301d81faec9fc05a8662ce97c25c,polygon,3367,19325,20.99%
184,0x9e04689ec4f4b6a8bdee305bcd0a93f8b908ea0d,polygon,104,602,20.90%
185,0x3aecd5fded57227ceee4258921f393c098a79902,polygon,35,203,20.89%
186,0xd449a5eee2c5bc7be0913379bd051c4ced10307b,polygon,1,6,20.83%
187,0x4f875a5298523d6f2a3d020e3798f7e0e1f750f0,polygon,15,58,20.82%
188,0x16e3a8d05dd429c603ea88d5c898d822ac5a7469,polygon,21,122,20.71%
189,0x327664f9dd327495930863bbc47c64980998e270,polygon,2128,12097,20.62%
190,0xb89729bc7eebbfad2f3dd073ee8f200d1116ae8b,polygon,830,4800,20.60%
191,0x5b5d6d2cd7ab7708b7cc8131902aa355070f45dc,polygon,1402,8120,20.60%
192,0x30aad763e15cb6b4071a4d884e956797172cae42,polygon,21,123,20.51%
193,0x3756f9b4690ef223dba23ae0993d95c6f36325b7,polygon,64,376,20.51%
194,0x088884cedbe9d48b9fb60de6e5e18a5cbb3e66a2,polygon,10,59,20.41%
195,0xe07e487d5a5e1098bbb4d259dac5ef83ae273f4e,polygon,3539,20942,20.34%
196,0x41bd4df299bb6d816368305d15177f796cad1768,polygon,203,1202,20.32%
197,0xec8b9d178c1d0c169115e746c9e8c12221d3ad5a,polygon,242,1433,20.31%
198,0x4c5a3a7f0aa5e486d5d77a2cfbb325b22c6e69b1,polygon,4083,24073,20.30%
199,0xd02f0bf3ca487ef4965a99a8e4a5382eafe20526,polygon,1,6,20.13%
200,0xa57d294c3a11fb542d524062ae4c5100e0e373ec,polygon,10,60,20.07%
201,0x52432473144056fe91aeae9240ad21e6b8213440,polygon,20,120,20.00%
202,0x868953a29e80e5113b3a2adcef50c3756f48befc,polygon,20,120,20.00%
203,0xba28ba2d2d54ed940a2873bf523d014653a715c0,polygon,5,30,20.00%
204,0x7f8ffc8d519043574d6ee5065dd40d3d9fd1b826,polygon,10,60,20.00%
205,0x7029d4e486264062c7c84e876f56441796cb80d9,polygon,10,60,20.00%
206,0xa13b1b8cc5893b5ef090ec20a356faea12a13a09,polygon,10,60,20.00%
207,0x6903efff109e9e053a87f728c6ae713674443c4b,polygon,10,60,20.00%
208,0x2791da0c100727a0b6428e08c08b253bb97313f7,avalanche,1,6,19.98%
209,0xc963348a4bd4bfcf329fcc80d90f81bd574393b5,polygon,1991,12002,19.89%
210,0x98fccb418e2dbf307c7e97d2fb6bc61ca9d7f699,polygon,27,163,19.85%
211,0x0c046c51bfb441b0db5ca4b0bb0178057715a54f,polygon,3176,19136,19.82%
212,0x454e03bed1c6623f487708ff8bfd0cf1387dab32,polygon,2636,15948,19.80%
213,0xba3cf2012a1a54b69b40b60ba586efadf6efb04a,polygon,161,976,19.75%
214,0xd00e612ffb02b2276701c0e097c2febf5f45a4ef,polygon,5,30,19.71%
215,0x5a72bfaf8dd5b251bd008fdc0b4656319ac0509b,polygon,198,1181,19.53%
216,0xc7f7b55b64a21dd819723980f3bfdf57634a5cc3,polygon,328,2015,19.44%
217,0x31efa403b983a83900d82ab063f915103ddd575a,polygon,154,951,19.31%
218,0xf01fc72364eb1ee032d468976c584ddd2e5dbf19,polygon,20,124,19.24%
219,0x174cab72ff9bf6ba3733ebc819fadb4df2903235,polygon,25,124,19.20%
220,0x93d86966a552764dc401c97e3e6edd1066def400,polygon,429,2669,19.15%
221,0xc989f812b597b9e8ed303764f7fc5d2aa4214ec4,polygon,25,158,18.83%
222,0x5f441226beabef22137018e047f51051cc893208,polygon,80,477,18.64%
223,0xf5a502f771aeceebd98032fbb570594ffca3dbbb,polygon,202,1287,18.62%
224,0xf6210c444a1b0a4cd0946fb4b40a259ed6b3f699,polygon,130,829,18.61%
225,0xc91f3b1a4c89391b2f89810617717d9fa7f59921,polygon,240,1469,18.57%
226,0x8a5efa3159cc0ef3d0f4032cfd15d14263d3fe05,polygon,20,128,18.49%
227,0x2686886288ad4ef96ab4c9181e8ae1b889aaa539,polygon,408,2587,18.45%
228,0x560a9b19abddf392347acf1029fcc25829ecf26d,polygon,220,1410,18.39%
229,0xff253f74a8ef104c1fedcb99442a1421cbc285fc,polygon,11,71,18.33%
230,0x16059b9a2a85dc6a692784e14a7e15a82ef87905,polygon,21,136,18.26%
231,0xc6c9d802bc16d8746aafcac4781f9a8d442d585d,polygon,20,130,18.18%
232,0xb9e7b7601d2cea8f597e577b9869fd5905a639bc,polygon,10,65,18.18%
233,0x93676f0e810daf04b6d27d1a82c9ef641afdec85,polygon,1828,11818,18.18%
234,0x7ca5b9fd78f0d7db24620a6c51da3cc1a8d30898,polygon,145,944,18.15%
235,0xeeb9565c8d8db8aeb3448d6ec75e7a7d6c96bda6,polygon,972,5897,17.94%
236,0x06bc9130c167901cfb6995db08dcb54c802ec29c,polygon,5,33,17.86%
237,0xa02a1b6cdb290720596dae852b70cb231d1afe93,polygon,15,99,17.86%
238,0x84a63fe72b485eaca6785f8ebb1f9e94fb4f2ade,polygon,3570,23565,17.82%
239,0x25744247a760dd8c73eaa81307e1ff827e8bcfa3,polygon,20,132,17.80%
240,0x853afef7a321712dd18a4964a6f10150798a4b9f,polygon,539,3583,17.70%
241,0xa8afffdffb30c29db59788d357d778dd4210feea,polygon,3462,23064,17.66%
242,0x73aefe5a56e15ecf8708aae3a8b71852d596fcde,polygon,12,80,17.65%
243,0x356ee97d7d560af2e97e9f9eee56b2e09d60e6f5,polygon,1408,9057,17.56%
244,0x45a117fbf330559c79b26a6127a665f38533f3d5,polygon,30,201,17.54%
245,0x1bc6955e458927b30eeeb6dace42887798e69b3b,polygon,551,3695,17.53%
246,0xb6fa0d615dd0338825e10da7efa069977c974d8c,polygon,3512,23502,17.51%
247,0x0857d7771aa13a0988f7aac9d72bfeea6b69d73c,polygon,59,396,17.51%
248,0x3e1ff895fd5a1d9c284060e8866d9a647f55ac55,polygon,16,107,17.51%
249,0xa92a34360ff605a7012e946e148b86cf0923eab2,polygon,3737,25125,17.40%
250,0xc7e36bc2f80543b6c244b147606f9501da6c6561,polygon,3005,20305,17.36%
251,0x34be6bb3f0d3db56f76c7d8722407f61a8d44e46,polygon,1740,11735,17.35%
252,0x2e9b07034a984e1e6204136a8787db3acb4db0e4,polygon,165,1118,17.31%
253,0xa5b5d9eb088b1bb24be798d8d71eb58becc15393,polygon,7,48,17.28%
254,0x0f35af1184282eaffe1304c5f98158175f7f5889,polygon,1731,11726,17.26%
255,0xe42f92a3a36a2ac5a5c8af3ab82335d16bf5f111,polygon,17,117,17.00%
256,0x1ef59c1ca138abad53d3a5aa3b26cd8be39b0156,polygon,10,69,16.97%
257,0x42f3a946dc469e90e14c2f907b9d0aea35fdb9ea,polygon,244,1688,16.90%
258,0x2ebe0b56db4e962a9a61c2e5301afeba89b84d87,polygon,404,2795,16.89%
259,0x990cfcc451843331e7e834505cdaffa87eb45085,polygon,11,76,16.84%
260,0x0d963a2fff5bc62d7ab0ed3ae0a169651c059e34,polygon,10,70,16.73%
261,0xe8c7910913e121f7f5873284e260e181fd1ac07d,polygon,5,35,16.67%
262,0x7cfde52143b52f8d0f461bcc09d79b1e36bb6878,avalanche,5,35,16.59%
263,0x425f5be3f74e0ecd9b6fce247983882e8506d36b,polygon,165,1160,16.58%
264,0xb5ae2c93b57e54b300ce770d374949b283c8737b,polygon,165,1164,16.52%
265,0x5e4568c4d8343052a06ec8aab1e124af08b73248,polygon,34,240,16.49%
266,0x6ae03d1d3a9b161ec264c76ad73999ee25abec5a,polygon,1455,10288,16.47%
267,0x037343879ca2c1d0078038549ee042046f32243f,polygon,191,1164,16.40%
268,0x24f2e56c2a576d71b997b4cba8fd555ad39eac84,polygon,63,449,16.33%
269,0x78e47ed6c72d3e89ce4f0bbcebf28187da1dac10,polygon,53,378,16.31%
270,0xde107b82e3e47ed281d276644b8115548c085c24,polygon,948,6782,16.25%
271,0x57ee5c768481a3e02f0c78d1d774c1ac89e46cfc,polygon,691,4646,16.15%
272,0xfd5a8472c5fc98cd91a716a3205a6b407730d388,polygon,4199,30193,16.13%
273,0xc58b1934697879c122d53fdb26a3a604292e993b,polygon,145,1044,16.12%
274,0x4e648ef5a384381069a1b04b621c41c5a725eea7,polygon,16,116,16.00%
275,0x2916b574fd7002bed7407c31403869fb008b4a14,polygon,30,218,15.97%
276,0x25409b41c22cb6b457d5f6e4a0b84c7c8f7693ee,polygon,16,118,15.74%
277,0x0c46410076a3a2d5d5bc34de92f03a2ba1c30cb9,polygon,3335,24577,15.70%
278,0xe99d27c9b3bd08de7f051e516580c93937c5ec7c,polygon,157,1157,15.70%
279,0x78abf0cbae4d8d8e7c7611ae95378239388add16,polygon,17,118,15.70%
280,0xf1134868b55a1a448dd7f9ceed943a5f354b1c37,polygon,133,983,15.65%
281,0x512a519a8c6b35b6af39c3a6d219c56ab380da13,polygon,272,2012,15.63%
282,0x84121b97942655c622f8105bb499a7b9cb2718be,polygon,209,1552,15.56%
283,0xec4cc3ed08037424d1eaabca3145bbc33c5b84d3,polygon,11,82,15.56%
284,0xa1d0ad6ec440a34f10e8a1658918d22c3ff49db4,polygon,286,2124,15.56%
285,0x408f5f00315bca2e1ae1a2f0f4fc50c8df5d79f1,polygon,32,149,15.50%
286,0xe4724b6686dc792a816c229deb067e390b006ee2,polygon,41,231,15.50%
287,0x4f1519f76b95107ae47083263f0de50914001875,polygon,18,134,15.45%
288,0x093c64757a2a61d88cf4a71f5851f1c2ca2feea9,polygon,290,2170,15.43%
289,0xda9c008c412a6922d515069f57e3125fb944f83c,polygon,198,1408,15.41%
290,0xe43391db6dd424b3dd6a0e5aa816be9d9792ae5d,polygon,395,2966,15.36%
291,0x858d669c68397fb3303c8ce1743f705544a0df96,polygon,20,150,15.35%
292,0xd1ed8dfd122e1b2b1fe2407c40fbcda12d8196f1,polygon,1956,6681,15.19%
293,0xf756483233a6d7d85fd358603310af8544fd326d,polygon,42,243,15.13%
294,0x238926025e84475e3182774df480021470f8f978,polygon,7451,56010,15.13%
295,0x16daad48d1b8e8c1af7ac7abf6bc0d01450f2db0,polygon,1511,11511,15.11%
296,0x513c09b8cd93bd366b73bc078267ec1c8b5923ed,polygon,1369,10359,15.10%
297,0x0f40a1082ef660b4596e2e79bab42aad4af539ed,polygon,1363,10358,15.09%
298,0x00515e4f8a5c52a526f48c3ea07238143e2c04fc,polygon,63,481,15.08%
299,0x8b3daad0185a25562f1f6288bcf7bc6b902e4482,polygon,15,115,15.00%
300,0x0ce54130c12b04e783473f98866f8736bda0b24a,polygon,3791,29019,14.96%
301,0x52a427699a5d5cd5165c7973c0073b403f6b7fb3,polygon,1506,11494,14.91%
302,0x36d20ca87ecf77f2bd717f7288fe1d2cf842c2c1,polygon,163,1257,14.90%
303,0x5c52d1ee87d175ee71d444a90fd63cedea7bea53,polygon,11,85,14.81%
304,0xec387f9748d93c674ddc72dce9823efd2250def8,polygon,216,1680,14.75%
305,0xea1528355f669b0b4c462fb2548d56f870916738,polygon,1470,11470,14.70%
306,0x2a2a054e06550d0ac4d326178faccb516561a4cd,polygon,147,1147,14.70%
307,0xd888f893dd9dec3d063125391a4631ac9589b280,polygon,91,632,14.69%
308,0x2daa9036933f1dae2e4de49824b23f63c0b970ed,polygon,1322,10322,14.69%
309,0xa0b038b22ce84eae04acdb4cf8d9a4612efad033,polygon,1063,8224,14.68%
310,0x4cbe92b8910c034236a0d84e9aea97486d8032c9,polygon,65,509,14.65%
311,0xb5cbf190fabe24d619b0d8a5b03f6bf0d10144d2,polygon,143,1120,14.64%
312,0xcd43406fabcab5de9d46fcf18ecc0cd89a94d0ce,polygon,1558,12236,14.59%
313,0xfaa549ecc9500e5a197fff0c2833166edc6142c4,polygon,56,432,14.59%
314,0x857084a34a0ba5d5b2fc7f19f633d3ff4ccec51a,polygon,51,401,14.59%
315,0x5a872919133bfe715ecb7fc6a12ee2b59768168f,polygon,5359,40497,14.58%
316,0x59ef72f40c051d30ab9f2ad08dc65a285f0e9b34,polygon,1475,11482,14.57%
317,0x187ef37ac7942be5d1d21a892488e627ad81a9d0,polygon,258,2031,14.56%
318,0x5e665df2d8ed079abea359be319f92d2ea6fd354,polygon,1476,11461,14.55%
319,0xc2620e2c2ba5e85c33b5da107eaa058a99f58a80,polygon,2326,18294,14.53%
320,0x92b33b117d44b16e42b1e12c392916e496d8f575,polygon,10,79,14.49%
321,0x5472b638c786ec88bd44e2aeadeb96c347b596da,polygon,379,2997,14.43%
322,0x37f1f0778ebff3bd2f5a4c6ff2fabe48857c822e,polygon,35,198,14.43%
323,0x256646ebe34336eb79ffcd5cf9d5500e55263756,polygon,15,119,14.40%
324,0x27dfa6ba1dd770a675791c528d0346885cee982f,polygon,216,1716,14.40%
325,0x994db2e89a886a80c5495accfdb18e733b434a2b,polygon,3151,23623,14.39%
326,0xdd582a9afa3e1410a005d9a4902dfd388d0360af,polygon,26,207,14.34%
327,0xf0e3e5cba62df1883acaa79bda50c048fb0339b3,polygon,1433,11433,14.33%
328,0x8df68cd876173fc5de3054151e878f2645e02c01,polygon,1341,10286,14.29%
329,0x7482b336283041386942fc106fd47f99976d1a06,polygon,65,520,14.29%
330,0xb8aaccb187705752a837a16e9ca38a678c8e976a,polygon,5,40,14.29%
331,0xab83afc880140201e94d5297085fbe17c804b78d,polygon,11,81,14.18%
332,0x851778371b57163466e7b0e6df1feb3fc5a27095,polygon,300,2426,14.11%
333,0xffa5457c3b8248d6099ecfb07012218be348de48,polygon,11,89,14.09%
334,0x81e0e26616ee1ff383773ce6c7965eb50194d0ac,polygon,599,4871,14.02%
335,0x704b70902e88e3f3fca34cef58f685aff6c338d9,polygon,1280,10265,13.99%
336,0x8ba797284ce42de84f03e59891e596fe2328547a,polygon,50,408,13.97%
337,0x650c1e71fd009dbd8344bb63a8727b538397b5d3,polygon,16,131,13.97%
338,0xdde74f034163192dd2170bb56b9cac2d45ce0a36,polygon,11,90,13.95%
339,0xb3412a244bc6349fe4c38efa343e8b566db9cfbe,polygon,913,7168,13.87%
340,0xc49b2bd71f3283dd294dada5851b39cf9ef14abb,polygon,25,205,13.86%
341,0x8c32d03522edc1697d0db33b4d32e6b7c0d21e65,polygon,1246,10000,13.84%
342,0xdb668948e1e96db9aa760d0ba2811f9904c50b7c,polygon,66,543,13.84%
343,0xc8fec7d6eddce3799faa4a71b3aa993cdf17a217,polygon,355,2926,13.81%
344,0xc9a1171dc1aa89b1e6bdd2706f8a1e43dc68c3fa,polygon,10,82,13.80%
345,0x6ffcbea30114d74570f678e4ac017d4cf0c0417a,polygon,170,1403,13.79%
346,0xcef64ac8f0b66a75e799b52df041b637841475c5,polygon,247,1832,13.79%
347,0x745eb6c0f9586e2da7ecd8450bd4ef96c149182d,polygon,11,91,13.75%
348,0x6ea37ed3c988c215957fcdeb7c381fd827b9bf5c,polygon,751,6097,13.73%
349,0x422d58a86e7ebc9e0d6308f732c58db398e00aa9,polygon,115,953,13.72%
350,0x30d18bc825229be06303c91b4ab2d4a2c952e8af,polygon,20,166,13.67%
351,0xfe6a2f082a402d08e2b5e25d230407a905db2bc3,polygon,170,1332,13.65%
352,0xec87c0af91eedf4436efaae60602f24b9b948456,polygon,75,625,13.64%
353,0x8c6640728e75df626ee419f2e9461601fb02952a,polygon,6,50,13.64%
354,0xdae0061e2d8ae3246ba9df751118ef9aa9e77063,polygon,189,1576,13.63%
355,0x79f94ae8a65b331afef665ad628fb2853c2ef307,polygon,11,92,13.57%
356,0x3e20c32e56d83f7c2b16b0531c7b28a5c49f768c,polygon,135,1130,13.57%
357,0xa8a551f0255346300f55eb134fb8574a4994a096,polygon,140,1135,13.50%
358,0xef5ad662a5a42c3023e009035ee235082800b924,polygon,10,84,13.49%
359,0x3c0c4d32749ddcb0a3e7dfabc223b8eab919d4f3,polygon,51,429,13.48%
360,0x69b552292fb5e71632bfecbd592c03d7998259ba,polygon,119,1002,13.48%
361,0x5b78ae09929c53c77ba29a13265e35a2f62dd89f,polygon,5322,43047,13.46%
362,0xa06f0ce631da69798412f943dc2f607fb0a27786,polygon,69,584,13.39%
363,0x0c54145f815ab79d27642bfd059c24244773d17f,polygon,59,459,13.35%
364,0xf25a1a60b1ed63c7dbfc0ae2fab46fb7ece7069d,avalanche,6,51,13.33%
365,0xd43f3716cbb9386352880a9bd52f7f07ac01752b,polygon,668,5636,13.33%
366,0xf897d2ba2547910f27b26124420e8cfb920e1dce,polygon,41,349,13.31%
367,0x6196a49842671ebcef2698e0642e155b06264a30,polygon,58,495,13.28%
368,0x88e3db8b8675e31dbc03f1151438deaf4aa7ca51,polygon,633,5420,13.22%
369,0x8148e4bd8f81a477a21f2142edbaf4e0329911cf,polygon,3325,28193,13.19%
370,0x64a742d1cbf940af2c36b64dd900905d45f45d43,polygon,133,1126,13.17%
371,0xf2c5919aa87823ae2d04017c3bd8db1535114222,polygon,21,138,13.15%
372,0x7904fba88101dae6610e99cc61f9a1f0b5131d31,polygon,120,1034,13.13%
373,0xb79753f7263552a248e8e44c56e208e3f12458ed,polygon,33,284,13.12%
374,0x8f678841ebd0202bc2e5c2d25b4170b5426abfa3,polygon,5,43,13.10%
375,0x96ef41f43bb2a29d99e5b2e9221f7074478e0836,polygon,10,87,13.06%
376,0xb588ecec91e33c14a7ae52f6a2e859fd77d5c673,polygon,15,113,13.00%
377,0x24c07ec63423146646fa96d1c05f67547aa2acd1,polygon,13,113,13.00%
378,0x0dd471af28614ccdd5751477f5d270605f978d4e,polygon,5,44,12.97%
379,0x73462fb5e7db4e647b437447082251dd67cde580,polygon,7,61,12.96%
380,0x0af9db3ae05e6b51781d6bb7763ca42af50c7776,polygon,465,4058,12.94%
381,0x8234c8b268ebd274edc469e219e3ea37951d2e8f,polygon,1361,11356,12.94%
382,0xe773b3dc818ebbcf13f224da7f17c86f87afd0da,polygon,20,176,12.81%
383,0x13dd58c9fcddb21161b3c26a408e7b1edfc08a1a,polygon,5,44,12.80%
384,0xf940b05858312cb3655d160b28e0bb4183aede7e,polygon,73,644,12.78%
385,0x626924b59a246efdb551e56ab61c547485ce38fc,polygon,298,2590,12.76%
386,0x1cbcad072fa981f00518bcf6efe1480257dc2bc1,polygon,643,5600,12.74%
387,0x777c86972819dc421f648d9a154c6bcf6760c2fa,polygon,280,2479,12.73%
388,0x60a2f7f2d58db2d8c60870b3afd5cec44e7d9ad4,polygon,125,1109,12.70%
389,0x0800747dd7b1308c9f124328921ed796fe9ace89,polygon,1268,11138,12.68%
390,0xd92a9a588638bea5094d0e325295c73b172312c5,polygon,11,98,12.67%
391,0x99b5ed7fc6c935845f0df907f7a882f30c3eaea4,polygon,80,712,12.66%
392,0xef291bb068a7d55e7ea94653d1299af15e7492c5,polygon,52,463,12.64%
393,0x19c92ca1c534078a3131a3c846ae83cc496d5645,polygon,240,2140,12.63%
394,0x3c5aac016ef2f178e8699d6208796a2d67557fe2,polygon,358,3195,12.62%
395,0x70144e5b5bbf464cff98d689254dc7c7223e01ab,polygon,1241,11087,12.55%
396,0x02effda7463c2a02ba3101f2b3619bf6be476755,polygon,1,9,12.50%
397,0x388189bfbc2851d1e0ba6c0ebfcd99bf3fb29c0b,polygon,2010,18006,12.50%
398,0x6d3ffd7238ce8850caa6390bc7fe6e7c6e069c03,polygon,339,3057,12.47%
399,0xd095e0f8c72e22319846b643c4bac0cac1f67006,polygon,124,1123,12.41%
400,0x6606677c4b5181786b0eea37895e7db9ac053390,polygon,642,5000,12.41%
401,0xf6b5e67f6aefe192e844b3ae74f499c917714e1a,polygon,50,454,12.38%
402,0x60ec36607eb7db54b30cfb867cb440184307a38a,polygon,119,1082,12.36%
403,0x47b694c7d82acc34975061aa983e17e5564d75b9,polygon,11,100,12.30%
404,0x70f609976e161581bdeae063cc0c915a9074099e,polygon,43,393,12.30%
405,0x7e4d8e1de77d504349dbb5021561f44ca3ff8d83,polygon,4666,40538,12.29%
406,0x05ab2082770a630a091c192e5815830a09d11f68,polygon,547,5000,12.28%
407,0x638c0aa4dc7326c35b19f924706e4e5a1bbfc1b6,polygon,577,5143,12.27%
408,0x220abd90038845893357e2305c638f817a453959,polygon,123,1128,12.24%
409,0xd94b9a07f7823cedeee3e5955a37c55e88a998b2,polygon,61,560,12.21%
410,0x07e836e86f212229c5c4cea8fc556eca87cfab64,polygon,3657,33670,12.18%
411,0x8299a6aad14c685134072b9cbf884d5771915c92,polygon,272,2467,12.14%
412,0xe5767edb4204655d4fde114f3c9ec95737c20c56,polygon,606,5599,12.14%
413,0x798347fb75b7a5663f5d99de4b5a7998e4aaeab1,polygon,2434,21535,12.13%
414,0xdc3b7491414f0ca46121b7612cd271851cdb91fb,polygon,173,1602,12.10%
415,0x554ba0cf257f62f9e4ce7647c1163ef0d877a0b9,polygon,271,2466,12.09%
416,0x3de8fbf20988cee5586f1b3cc834d66e1fa2667e,polygon,122,1134,12.06%
417,0x7092fdbc448698461a3ae98488c35568f368e0ad,polygon,1252,11203,12.02%
418,0xc13e11e91523a08332d8e58873354e44ea2ea3e5,polygon,121,1119,12.01%
419,0x5b0a9d1445392f1b9e739be8a48f72ff5029e927,polygon,20,187,12.01%
420,0xcded63761b601f817fc8c7b4a03f15328e45f448,polygon,12,112,12.00%
421,0x54e90433122861e7abd13c3592daef30e211bc17,polygon,6,56,12.00%
422,0xe67c4861bdb29bca2b2082afa508cebf4e7d8aa2,polygon,6,56,12.00%
423,0xae3997645acb7f8dd302156e990e4107a8e9778f,polygon,6,56,12.00%
424,0xe68c215a15c70ee9e16dac21726a41bae9c8c004,polygon,6,56,12.00%
425,0x6146fa97072825981cd6648bb99ca5661a0b798b,polygon,1214,11204,11.98%
426,0x3e4d4812445f563b29a2221f4f58e4c8d3159f41,polygon,1198,11198,11.98%
427,0x3f727e63369f5d64a844ddfd2b21d1780e02e6f1,polygon,10,94,11.91%
428,0x63f59dfe5a12be4ecab6ad0ecca568531077af42,polygon,463,3700,11.82%
429,0x8d70d01e2641bec3f42c934cb04699e790cd0941,polygon,12,114,11.80%
430,0x577b860fd66e81e7c656b851bdb4e8384a9df319,polygon,1880,17870,11.76%
431,0x80d508898ae8098abfded871e9ea75d624aae3dd,polygon,138,1313,11.74%
432,0x765364e286988305f5b2ba8a6f12a4fd8a15a19e,polygon,82,733,11.74%
433,0x37bdbd9ed6f5d9fbe2c3c53e7b34dc99639951db,polygon,53,506,11.71%
434,0x3f543e2bec898211feb7e3bb1b4ad6cd0926d657,polygon,433,3945,11.69%
435,0xa30ff4ed003c4403f3776a72e4b0c66292d43474,polygon,21,201,11.69%
436,0xd1dac732fe775cb4c86e6473bd89accd00928b4e,avalanche,10,96,11.67%
437,0x005ca2155ee478d0ca33916d9f7df36d1490ce1f,polygon,1166,11166,11.66%
438,0xa88c5bc0def1c87d3bd9de174978cdae0e0d0d8e,polygon,708,4466,11.65%
439,0x6d98f6593fe7239bfbf23ccc21b1c97122cd95d3,polygon,1877,17855,11.64%
440,0x906aa121d251f68bc1db8bcd62a2ae4e91de732d,polygon,1181,11143,11.61%
441,0xcc34cd61c3c9477a32ea3143482f139519288e2e,polygon,10,96,11.61%
442,0x6f52023a3321799a437fb9f9a04a2ad3ec7b268e,polygon,58,558,11.60%
443,0x9aa4e6641fefd0764bfebdeda637e7782d7ed4dc,polygon,3382,32510,11.59%
444,0x1d9cb1a0e75045f18201ffe68deb7f8bc20272e8,polygon,1166,11156,11.56%
445,0x6d714e76af538fe76aa81a75b556686ad6002023,polygon,57,551,11.54%
446,0xbdc7a955505e20410061744f556f6dec761bfb8f,polygon,5411,52243,11.51%
447,0x32ad379d17a523c79cba370a2bd645637ed4f4af,polygon,69,562,11.50%
448,0xfbc7fec691e289e7a5762d6d8bf232ae4a3c2328,polygon,980,9487,11.45%
449,0x313d3061406fbd04cf1f6d20ec1e15dfe8cc7060,polygon,620,6038,11.44%
450,0xcd8a8b8988a56c6aac8c42a592610ce2503ee0fd,polygon,132,1240,11.41%
451,0xde58096b3898662e6688c34629fe1942f8cdeff3,polygon,1160,11147,11.39%
452,0x69aa4b1c616c9f2a08d57bc8809a199d07c978c0,polygon,123,1107,11.37%
453,0x9119bc87389700b8970df51a810dd8fa4db38264,polygon,34,334,11.33%
454,0x34cb23d2f2a707a58539f3f62c45cc171a65cf14,polygon,12,118,11.32%
455,0x0f262853a5a3baecb7a4407b6bc0812d3e3360d8,polygon,500,4876,11.30%
456,0xb8688028c54efe7d6e27405616526b23c7ae6948,polygon,248,2353,11.25%
457,0xe290459e93e7eae5330c74c74abc48fcdfe9ddee,polygon,1188,11209,11.24%
458,0xa8c0695288902944d6d0a79b622e15fb81c1c316,polygon,1083,10476,11.21%
459,0x5cac53e0db0436ffabeac77570a1e02b49a809cf,polygon,13,129,11.19%
460,0xf7c8a4a99ba34b4744d08999dd017b5faa4d3378,polygon,1517,14787,11.18%
461,0xedc3411b2d6cb543247a269cfb8a706d81a044da,polygon,56,557,11.18%
462,0x5955037f92e18abb42dee44754615d31190b21bb,polygon,30,299,11.14%
463,0x4af2f22ec43a27d3a2120d8a338edb3876860b54,polygon,1795,17763,11.14%
464,0xb3313578fce477440fa1c71456131ed992cd5c3e,polygon,1846,17779,11.13%
465,0x0ff048e52517a504016be4297f015ca2f6258a09,polygon,111,1110,11.11%
466,0xa37b8ce965d9a3f2b9df5cffe5626e6c68215b01,polygon,1111,11111,11.11%
467,0x75db28c2f008b8aa8f65195b1dfc81026e019b6a,polygon,1168,11140,11.10%
468,0x1db86cf20757dd4944788933ca4a6c6356b7defe,polygon,23,231,11.08%
469,0x7893cbc9e89245e0470fe3ce9bb8bc3fb0bf27c3,polygon,501,5016,11.07%
470,0x98320f031d64f1e2290c0d25716f51939edf9a99,polygon,11,111,11.05%
471,0x10ed98cc77e8e621fcd9fc7e28e48174f29d7db9,polygon,1787,17758,11.05%
472,0xa801fada732b176c2e990df197bffa757f296e26,polygon,51,513,11.04%
473,0xbdc888c6b27d5c35117d1751f33f1a4e35c85405,polygon,56,564,11.03%
474,0x0ddd64c53ddaa55342abf2c8222b1ea8c752bd04,polygon,11,111,11.00%
475,0x862597d51bc2f83e7013fff18b4cba6c6cece672,polygon,1,10,10.99%
476,0x669a9e8dbd4dee43c61db02c0f1df2bd8f653579,polygon,1161,11128,10.98%
477,0xfe81a7508a18ec19011b3f86782ea6b24c396b33,polygon,186,1881,10.97%
478,0x484e5849ac667a1856e4b9c258b71f4d5cd48301,polygon,274,2774,10.96%
479,0x476b29a16ffb66f005aa27b454deaeb6d93f928d,polygon,2089,21152,10.96%
480,0x3572ca5a03f64c056af5fa0a3499d0138e805f38,polygon,32,325,10.93%
481,0xa3c4ef228703b8f5940b81f0423b4140d6c34444,polygon,248,2517,10.93%
482,0xe9dcfd5650a7429254486487b195afe91761b80c,polygon,1092,11092,10.92%
483,0xaf5b16f740bed90af42df6c28e5cd79458c102f1,polygon,236,2401,10.90%
484,0x5f6fcec7c071ed5bd4fa821e7d8d85ad83c42d04,polygon,63,642,10.89%
485,0x995514150da40cc16dc536d1deb566af0978999a,polygon,1184,12030,10.87%
486,0xac73e8314fa9bf082fc4cebf599b5701e162f95a,polygon,488,4323,10.85%
487,0x5b4be0af73c72fa481529a62995e3c9de864d334,polygon,33,337,10.84%
488,0x26e1b32867059ec52f18ca238fd08e837f41cf39,polygon,22,225,10.84%
489,0x141bce81a0ed9d03a667f089c1a21787b0561446,polygon,1085,11080,10.80%
490,0x60483b66023a919d57d1005d9d72f211dc9ac05f,polygon,100,1027,10.79%
491,0x6a47f49c6dd58aeb5188337a714e37ff4020a8e3,polygon,22,226,10.77%
492,0x763bd0fd2c0a166dbb7ef9103deaf84201774e17,polygon,52,535,10.77%
493,0xfdde0c595cff37715707bafd40752d39116ac396,polygon,707,7227,10.76%
494,0xbea8af290f670ede2a135f47d7fdcddd056f6d78,polygon,207,2081,10.75%
495,0x3470a5c433672e950345dfc3d2cedeeea8453ac4,polygon,295,2838,10.73%
496,0xbea844caf56901a9f5980e65e73d973befec8b86,polygon,214,2214,10.70%
497,0xdad945c5f6e2d436d850a7282ac272b899f28371,polygon,22,228,10.70%
498,0x1b0665ce0acacf5d5ac970df33e8e8436aa11f37,polygon,21,207,10.70%
499,0x52cd795cffca6887f3500e83293464e5977cebfe,polygon,1089,11077,10.68%
500,0x524afab8cf22515f03f2f661ee1875cb4d9b233d,avalanche,50,518,10.67%
501,0x8f7e4f6e71f0b25a3af594292147da0eed5f80b0,polygon,309,2686,10.67%
502,0x8369eebdba09308c7df44b00d6595e30bd55b976,polygon,80,830,10.67%
503,0xd126dd36d66f02c738395d94f5e10467c29a4c66,polygon,16,166,10.66%
504,0x9bf91b3b6ccf611f63c39a2f06d80bdc82ae607e,polygon,368,3674,10.63%
505,0xccbf77d00462334744592d855b1819d4ded29dbc,polygon,472,4425,10.62%
506,0xbdab120d2ad5b69a7f24fab36def34c9fa372391,polygon,5,52,10.62%
507,0x628ba7d320a1e6cbae58af90e2d52cea25373862,polygon,10,104,10.61%
508,0xc5e7c4351b629ea10fab0fdb4c7ecfbbdf5441cd,polygon,133,1391,10.57%
509,0xdaa070d909e010211606144ede5b2ca6864c2c1c,polygon,210,2147,10.55%
510,0xa9c047918e3e14edc6923546e77357485e1f3f1b,polygon,1064,11054,10.54%
511,0x8dded91f359f35ce474864eaa845ad373becf1fb,avalanche,5,53,10.50%
512,0x71dfba14e3f35f92d6181c0d73c8a4e5bacb57bc,polygon,364,3790,10.46%
513,0xa21df89c3f7375ebe7381cc858e0aa0b7c83aee0,polygon,1576,16525,10.43%
514,0x80e23a5841537136c222dc6c25423dfb4d9fdf2b,polygon,10,106,10.43%
515,0xa8b0a861dd5ba636942a6c1eee409f234ff467b1,polygon,5,53,10.42%
516,0xca369ff30b95b58c581df4ccf5fd555b947e2017,polygon,11,117,10.38%
517,0x27fc6962d402f5f7b017b6744e5e1e99995508e4,polygon,10,106,10.37%
518,0x877d6210f0527491849d31edca8f7f7256408e6b,polygon,1049,11039,10.33%
519,0x097a877ef27b1d7d0c63d10db3eefc3753aaca7c,polygon,54,577,10.33%
520,0x595ffb4e0738f4976a82dc9cd5158ac1eecdebf1,polygon,10,107,10.31%
521,0x8443379cbaf7a68b2cc1626df9e4cb47d525a0e4,polygon,73,782,10.29%
522,0xc1ddb3208d9aed16f2265f20ae797af026a92b6e,polygon,780,8370,10.28%
523,0xb7957368638c2cc1bf7ecf50795d44e61f228b49,polygon,3850,40505,10.26%
524,0x536a510d175fee56d7e2b1328715b601ad0bc64c,polygon,577,4382,10.24%
525,0xdcc3af08e1aa97effdb2ea6b801593f47b25db06,polygon,27,291,10.22%
526,0x412260ce08d79dac8393b7bc12a2556540990d9c,polygon,1036,11026,10.20%
527,0x7a45303d4101913bcd6db3143a9d76663c930e72,polygon,10,108,10.20%
528,0xc0c385e74c47e19302be184af3379fc21fbf079b,polygon,5,54,10.20%
529,0xeb94e6c19b92ec58a9a821c0bb1dc94731c1d274,polygon,10,108,10.19%
530,0x65eebaab9e69259dfbc90a5c7ed59a676931f618,polygon,20,217,10.17%
531,0x5f370fc6a9fa3bd387c94423f122351051577b96,polygon,1022,11020,10.17%
532,0xfbcfd0a67bbc544ff547d04d28b8ff1ea4b9d116,polygon,405,3852,10.15%
533,0x657605e073d2458b202dd609e49a114563badce9,polygon,79,859,10.13%
534,0xf4333670146ed9744232913367793b07d83b6c11,polygon,964,9940,10.13%
535,0xb804f9a8da53141b1b6d18ac5da9436febdc7298,polygon,1399,15000,10.12%
536,0xf7b34b89b2261e31fc0ad6ab6210adc51b6fc9b6,ethereum,612,4461,10.12%
537,0xcf052107eade84ebec14aeffe3405ab84c1aa67c,polygon,294,3199,10.12%
538,0xaf2d432cc82f29540dda65f1b12d784e5c3247e4,polygon,60,655,10.08%
539,0xfdb404f42e2cf7edfe22fc7798a721b651d7f1c0,polygon,908,8949,10.06%
540,0x44a77bd3e1868e94d5a1df304d1d4f778bd543c3,polygon,978,10680,10.05%
541,0xc4ee2997ca9f482d5540ff69d74e67eca411ae7f,polygon,1245,13205,10.04%
542,0xe69317578b8975156a8e5867f3ca05ce064d84a7,polygon,1671,17606,10.04%
543,0x2b5a0be5940b63de1eddccca7bd977357e2488ed,polygon,20,219,10.04%
544,0x078f4103fc26ea9797b87e4b7525a6fd096c978e,polygon,11,110,10.03%
545,0x59759f69495599ed41e7ac82d5b51cfd4c341afb,polygon,10,110,10.02%
546,0x0ab04313ac5ed53d2915505106e1c0a92b7c79ab,polygon,57,627,10.00%
547,0xc79f6cd904f1d92fdaeed2c98119245132544949,polygon,10,110,10.00%
548,0xa4dc23608db92c532e9f1b73f6a80b687bf38554,polygon,10,110,10.00%
549,0xbb584eeb747b97748ea003c55e37ddcd0e35f4e8,polygon,10,110,10.00%
550,0xc8ed17602b516d84f0c7a3bcd09b98fa661ddb40,polygon,5,55,10.00%
551,0xfbbd34234fd94ca33c7501342bcc7866a583062a,polygon,15,110,10.00%
552,0x4776bd6a2e40f79ab3cdf648977836825983b645,polygon,10,110,10.00%
553,0xeeb216a86c59834be3b71af5dd7c1ce031bdf647,polygon,10,110,10.00%
554,0x82b96a50f38bd4fe845972636ed97d759a0b9cfa,polygon,10,110,10.00%
555,0x0ec3dc7b8a94fe0506cb687307fc8de14f91284b,polygon,10,110,10.00%
556,0x154a7fb9ae6b9cd0cce4a3a5b287b21f776b28f5,polygon,10,110,10.00%
557,0x505dc88ab728bca5156f82653a36723d96344af5,polygon,5,55,10.00%
558,0x67f69b5888647fd947195512da5738694be3df00,polygon,5,55,10.00%
559,0xcef1a9f5ebfe8f7aeb04bfb72fec0c3d09fdda38,polygon,5,55,10.00%
560,0xd30126cdd9bbb338e0ca5a8d504b2ec2d43488c7,polygon,10,110,10.00%
561,0x902fbcc9d6d04a337df74646c291a301ce30adcc,polygon,11,121,10.00%
562,0xc895ab70ad376437fbd7b62272e9a3d71d590cd3,polygon,15,165,10.00%
563,0x5c7cd240643db33de9e2313ea778dcf2894c66cf,polygon,10,110,10.00%
564,0x30d41a62b6e36e72b4fed35236c3168f4369b2f5,polygon,5,55,10.00%
565,0x64c453f0a8374e003a23ff6994c62e90789e4f56,polygon,5,55,10.00%
566,0x399f3dd97607c240227725fc8f9a2c5841278c36,polygon,11,121,10.00%
567,0x6ab3a6a55d35dff656909f246e7e741ac2c8f6ca,polygon,2,22,10.00%
568,0x47c7df6af62d0eb49b830acf9740d5488730ed26,avalanche,1,11,10.00%
569,0x0e2ef9d947e78418488980bc3e8bf5970c2b96d3,polygon,5,55,10.00%
570,0xb3aa7d930aea5de42c9e34f79e68b2408e49a634,polygon,10,110,10.00%
571,0xc716cf17bf6e549e337205ab60be4fe0d889ef40,polygon,1074,11821,9.99%
572,0xf3f851f28cfabc840dac74b4eca6f73fcabb7084,polygon,56,617,9.99%
573,0xbc48140d3505a9a19eaeec8eff77bad3099c17e2,polygon,10,110,9.97%
574,0x30172807c643771939a5766f3ae410b142d03696,polygon,10,110,9.96%
575,0x094aa624dde0c785aed7e50fa46f5d53790f68e3,polygon,10,111,9.93%
576,0x4d85b56c459fe2aae459b1bb0c36b33592998d0b,polygon,5,55,9.92%
577,0x2bb4c7956fb85564d540b8d453f8a10d7383d1b7,polygon,47,521,9.92%
578,0x2ec82ba57b1bb37b082c49292f5976b9e0b738c6,polygon,10,111,9.90%
579,0x794d04e96051a61d260eaaae98c4ddb9e42814a7,polygon,1478,15000,9.87%
580,0x3b3e41a912ce5c505c89815c2c79c3f971116000,polygon,1208,13183,9.86%
581,0x5fbcfedcacf501f1031d5b9d1ea6c0c5e8be4cca,polygon,22,246,9.84%
582,0xb8a21fd1a629c03880565221cb23d93b9ec871bc,polygon,273,3050,9.83%
583,0x8d4fcf8170a20ccc91fab546ee57bd01c930e608,polygon,5,56,9.83%
584,0x6fda374aa6133b11400d96fafa5b5eda7136898b,polygon,982,10982,9.82%
585,0x010d283d6bd7d2aa2c3b782ae265f7ab2f91be94,polygon,10,112,9.82%
586,0x6f26431882f96dcd7fe1e9e354ff3732da5afb1f,polygon,20,224,9.81%
587,0x51bc9862ad17023fa88435f51fcaa6e677b2ca97,polygon,6366,71264,9.78%
588,0xe104414bf575f943e7f94e55e7f59ed086035af4,polygon,59,663,9.76%
589,0x884906884ac4898b982c7a12cbff5c5a743f0dbd,polygon,15,169,9.75%
590,0xac2b96cb6f3fca857c5dd1b8d7c9640d17f4539a,polygon,11,124,9.75%
591,0xf2ae9721b43964e6d9bc9c4be5db75395e2201c9,polygon,275,3100,9.73%
592,0x4a219e9f193347542d4ab38985c1b448f61ee15e,polygon,2055,21961,9.72%
593,0xef18e1280f89a21f974d323e80910ae2bc9e3edf,polygon,15,113,9.71%
594,0x57e80d9393ced684cff2b5d6b5685b21ebdf6ad4,polygon,942,10546,9.69%
595,0xa5ba6ae9cdf56761be100a33de63363660ef744a,polygon,18,204,9.65%
596,0x8b0440657fc72764a2883a6504399a6e09bb07bf,polygon,1330,15000,9.65%
597,0x3e05fc835a92fa1ad481c623d1f5097bfd55bb18,polygon,5,57,9.62%
598,0x786e5f11f43c8e04990b07867bf8b150822420ea,polygon,246,2817,9.57%
599,0x690393084aac22e4e8c2dd9d09131bd8c678ba7a,polygon,917,10330,9.57%
600,0xf92c2cceb4ec76d9c6927367e0680454366945db,polygon,11,126,9.57%
601,0x8609288e2a73a807e51ebabe5d876b8719e9a3fc,polygon,711,7231,9.56%
602,0x9b6df28ed5a639106bd15d478dd96f6ebb09c9cf,polygon,190,2180,9.55%
603,0x2377821c26ecd66f5408340cbf88a9aaa56c3b36,polygon,859,9859,9.54%
604,0x9c2b62d894820bc65fee7ed395bc5cccc2af1035,polygon,11,126,9.53%
605,0xc20c2473e3cd06664a291b8443935aa5a403b5fb,polygon,10,115,9.52%
606,0x59df201c5a616c7a24eeb7fc72ee251abcd47f6f,polygon,485,5582,9.52%
607,0x0f3f7c8d5c7f93b223ba2cb0cfd9514fba15ed96,polygon,5,58,9.51%
608,0xf81d78c7a2f2857bcb5fe6d6c97e3e8bd2bb02c6,polygon,421,4380,9.50%
609,0xdd13de4ca2a0d11ba8f8ac02eac8080e5293aee5,polygon,282,3251,9.50%
610,0x54291d14e7b1c33abe9d59765b065a2f782b202b,polygon,388,4358,9.50%
611,0xe5151864ba32b400fa17c88d4366596c5b5fb8ce,polygon,137,1581,9.49%
612,0x440b6d9eeab21f8648aadaf38b142f0a1e1e32ca,polygon,3537,39295,9.48%
613,0x65ee864758162d06b97f9f7ab3cd05bbef39c10a,polygon,1437,16256,9.48%
614,0x651d4a002a4a2c618f953df8328f091401096a77,polygon,372,4299,9.47%
615,0xe0c484c905da1488700270f8398419d8b84915b5,polygon,632,7304,9.47%
616,0xaa21a7a5c8bfc5017054115a2d11475b44b013f0,polygon,1185,13135,9.46%
617,0xfbbfbf2756b062abe77e975ed0925295c87c1a15,polygon,1339,13439,9.44%
618,0xf89bb80788a728688015765c8f4b75f96a87a5b3,polygon,15446,164981,9.43%
619,0xafeb5dd622e577e428752f70f1a5fead62819ddb,polygon,19,220,9.43%
620,0xd0d8fd83f0cf255875ba13cdce6fd02e85be72b8,polygon,848,9848,9.42%
621,0x78adb1b4707b4b75a407dd913238735382451481,polygon,346,3965,9.41%
622,0x3e9ee38ce9507adbfc498bcede74797d794fed86,polygon,5,58,9.41%
623,0xaa82cf37a1d3af555bce9a5b185518479d61d9ab,polygon,219,2550,9.40%
624,0x761bb99d88a630bd2be79e07164dbd6af2396fef,polygon,387,4375,9.37%
625,0x9e97e4f97d1caa81375c69d116381dd38fe6fd9d,polygon,1501,17459,9.37%
626,0x6bf5a384b117edcae7d979b1bfda59a80b2cf51a,polygon,1,12,9.37%
627,0xaf4d94286b72dd1fbf50046559a56c504b00c4db,polygon,280,3270,9.36%
628,0xebbd00f326a051707c62b2736faf60830a09fa9c,polygon,848,9846,9.36%
629,0x9abef0e98b38b01dc21c1153437337e8417aca1b,polygon,995,9951,9.35%
630,0xd20afb4ab72cb3bb17281d8cf1996d13c3fbaa21,avalanche,336,3931,9.35%
631,0x28ad99f487941a2038eef67c5eb0d1fa75e7b5c7,polygon,21,246,9.34%
632,0xe1f9aa46e14216d819f2f1a8da6b3e086212bf26,polygon,58,679,9.34%
633,0x75b885a11f7868aa0802b96f3fac806b42144981,polygon,14,164,9.33%
634,0xedf20598b9ab77eeee3203cf23e67fde66c7ea63,polygon,23,270,9.33%
635,0x493bc7aee2ee862fe60c25fee180a381dd3cb6cf,polygon,951,10936,9.31%
636,0x0816ee59daf17db9eb8a3ad6e719b2d762400111,polygon,99,1093,9.30%
637,0xd888f1b293507f9496b53e7415055a759e6c5218,polygon,1069,12564,9.30%
638,0xa8095276892cdb732929dcc033462cb6650e5e58,polygon,815,5475,9.28%
639,0xc58b1934697879c122d53fdb26a3a604292e993b,avalanche,37,437,9.24%
640,0xf5777c26a144132a3fb708cc98a91f2bd8207b23,polygon,62,734,9.23%
641,0xdbc902c3980203d1d73ac646ff2ee4fd840fa2c4,polygon,6,71,9.23%
642,0xc364412c713bbccf6a886159da5eb1d8cd6564d0,polygon,841,9836,9.23%
643,0xe693f7eff35591ae465eab8e7d6c0a632d1af540,polygon,1494,17423,9.21%
644,0xfad50b516fc6e623053ed2c5351eb7cfd4098c89,polygon,428,5025,9.19%
645,0x30c7096c49810224ebf922343ecc6af336d7a611,avalanche,10,119,9.18%
646,0x766b3a974a296990e5d7fde6ebd88befa69754d5,polygon,10,119,9.16%
647,0x1a7886ca03d6be790bf9a3d310555a2828545511,polygon,1,12,9.16%
648,0x268d64f79e5a11e62efbe0cb21e66698ae073b37,polygon,129,1539,9.15%
649,0xc7f7d65861f5843bcf7c6ff97d3e75708553e38e,polygon,59,645,9.14%
650,0xdab787b1fd319222c4e50dd9a0f1ab1da7cc927c,polygon,25,239,9.13%
651,0x466d3646ec354feea7562d5dd4f7956a278e03fb,polygon,418,4999,9.12%
652,0xfdf33338228a8f35d8ef3d958bbe4d9fd10bf673,polygon,19,228,9.11%
653,0xd075629e23b5a257729586e8ed262327c8e74b10,polygon,1107,13086,9.10%
654,0x4b5ff7258504976cb33b3ecf3d3152150292be94,polygon,10,120,9.10%
655,0xd8ee4cdc74cfbc95f6fa3d8e97130f94bf315bc3,polygon,15,180,9.08%
656,0xb21731d830b7e8460e5d6c66dc1ccc0a5d0a6b87,polygon,480,5708,9.08%
657,0xa9dbd9395da29023f89f609b868c83dcabf75894,polygon,826,9821,9.06%
658,0xead71ff7bcce7c3dd572b3cd6fb7bc4c6359af5f,polygon,275,3310,9.06%
659,0x3a2db3b6087a228764a9d2f9f575db1028a8157e,polygon,2323,27725,9.04%
660,0x75e205db643a194ac3057f885081fe02b73671cf,polygon,1679,20198,9.04%
661,0x659c1ffcdb00fc4dfde97257c68b7b1408be85a0,polygon,1240,11873,9.00%
662,0xcfddccb305eaa8fa1565f434b9dc489537cf18c2,polygon,954,11199,8.99%
663,0xcb0209f368ec0d67cfd70a5f8b868cd9bcb1242c,polygon,909,10904,8.99%
664,0x539c4f71534f0aae3775ac62cdb7e7beef08ef78,polygon,68,825,8.98%
665,0xd9590c6119a820560e79bbf569a2951034c603c4,polygon,10,121,8.97%
666,0x15a7c5c6a188852b8b3166bdc59c2e85defec6b8,polygon,10,122,8.97%
667,0x308e25e3c4f4a3cc58f408745ae12456dd19ebb9,polygon,245,2985,8.94%
668,0xc3ac7816ad6e1c809f1eedf9c474ed31c80cccf9,polygon,410,5000,8.93%
669,0xdcd25ddbde2cdb028918b26eef1b36d88c2cff66,polygon,6,74,8.87%
670,0x4dd5566f453b7b57c0f1630e7a8c82bda8c75687,polygon,23,283,8.86%
671,0x85944f4bd5a6237c73899dd3e90585a3368b52a7,polygon,457,5409,8.85%
672,0x76632fea6714b6777675bd0c459f64d4135e0448,polygon,141,1672,8.85%
673,0x4eb7803806a7b9b5dbaec8ac77c52bdd9b040c2d,polygon,10,123,8.85%
674,0xe904feeb9692b8cf50730b24dc32f1ef936079d9,polygon,130,1600,8.84%
675,0xdd45ca901067d65860b54d4310e37371cd92fb09,polygon,662,7847,8.83%
676,0xb1ab970c53943329cdbbed182b4e7549ecc5cacb,polygon,731,8903,8.81%
677,0x4eac7644b1872c0d3bda1667c6657a06f5e46489,polygon,11,124,8.81%
678,0xcb630c28658d8b4f0509d628d8d947e6f95ea20a,polygon,42,519,8.80%
679,0xf796d9658653b9e4ca1d888a7e806c7030f9d0e2,polygon,34,421,8.79%
680,0xec73c6a07f713a1ab623f385ed464ab1edbdec96,polygon,404,5000,8.79%
681,0x9de5440d6a33cda75bef9123576194caa2af5423,polygon,874,10833,8.78%
682,0x8f3eb3aaa780f48f73d94d749a67b66ca867bae0,polygon,121,1502,8.76%
683,0x418190668bd8a81b74e8d0a2b3d26c6b33b0b7c6,polygon,8332,103047,8.74%
684,0x0ddc5c6b29c9d33b6aa7d5c75fd615e646107e33,polygon,108,1282,8.74%
685,0x27daf6da40b5a07bcee225599e00ba8cab249f0a,polygon,18,225,8.70%
686,0xec8cf7a241020245cc013c04aca9ff9e2f83de59,polygon,10,125,8.70%
687,0x787dcdab6da4efea8fc52714d4d45b9654826444,polygon,42,463,8.69%
688,0x4f9ca1e725858791f37dede53cd5aa12cd4f8c08,polygon,782,9782,8.69%
689,0x71a075b3b6ed3dd4307e6c26366f3b784cef2ba4,polygon,144,1802,8.69%
690,0x40ca27300d4c67d910b3b1cbd83cd604dbfeb770,polygon,11,138,8.68%
691,0xab4382aadae5bf4b37b90b9dc07fc72d52e2a28a,polygon,564,7064,8.68%
692,0xed920d30b39c1b7bc9cbf43fd3725dca2d1e8e61,polygon,1050,12785,8.67%
693,0xde8dcd65042db880006421dd3eca5d94117642d1,polygon,40,501,8.67%
694,0x103bf4f02c0d6f2b93682999d8f904e36146454d,polygon,260,3260,8.67%
695,0x38d20b104de630956cf5a35d2679c54e6bdcb8ad,polygon,26,326,8.67%
696,0x4f156c08a7e1d243e65d923559f5cd4013a7af0c,polygon,30,314,8.65%
697,0xe8ce0a887bb383f457bcfa5fe7bab00103cdd2b1,polygon,869,10867,8.64%
698,0x76af9fe9a99f971e639c1d8c8d1045634dedceef,polygon,170,2140,8.63%
699,0x56e910497a6fbc2acc4e85ed4594514ffd6aaecc,polygon,861,10753,8.63%
700,0x5721d09950b781f21ae6c40e9d0b9642b0d36ebb,polygon,1387,17357,8.62%
701,0x1737a624e20c3474a4ade8cd5d304138e507fd27,polygon,953,11200,8.61%
702,0x1b1df64c59d6eea61a90094afbf930d90caf8a5e,polygon,1723,21718,8.56%
703,0xeb0ca092c9837098c463b3343960a7c91b7597f6,polygon,860,10855,8.55%
704,0x4e53595bbe1ef18dbc7648efc0a95ec73c30f26b,polygon,870,10860,8.55%
705,0xc1d205de159fc67c64e47e0bace262d3b33be21b,polygon,17,217,8.52%
706,0xa72511883e1d69b63ec7c744dca756a7a698d0ae,polygon,107,1365,8.51%
707,0x040a0c8fd6c4c929648f1ca4aed3745ce3f1eaae,polygon,136,1672,8.50%
708,0x8f342c2ddffdcf582141cb5bd2d4477a46eef11c,polygon,10,128,8.49%
709,0x0fae4c1d62ffe5ad6f528502b2bbf636b0ff4153,polygon,381,4339,8.47%
710,0xd4c4d64c869d2fa58cbebae162ca386669d854db,polygon,34,435,8.47%
711,0x31939794dc9d1fdf9adc247a6171c02dfd2269d9,polygon,344,4320,8.43%
712,0xc950ef7a8c331bbb662e3b34edc566c2b33d6a70,polygon,807,10383,8.43%
713,0xc008a762155de0743bc6215caa00258eb57419a1,polygon,26,335,8.42%
714,0xe8d56b77ddc9e2968cfbd8dc87182ad6e5885b1f,polygon,21,271,8.41%
715,0xcddfdeec87b3041efca0367fb030bd302c4ef23b,avalanche,10,129,8.40%
716,0x8eab61672de587b557d17a8689133ecf8845165e,polygon,73,942,8.40%
717,0x9010b9a51ce0c3a968b53a3433d222344704b591,polygon,840,10840,8.40%
718,0x1da035bde09e1d2a5284ed522ed64ab66bc874ce,polygon,168,2168,8.40%
719,0xd512c730b842e2cc3284b71f217b00433cfee8ca,polygon,15,194,8.40%
720,0xdba605bf1ed86b5c2a545892e7d1dc34df788c14,polygon,488,6307,8.39%
721,0xd442deb96b90e3b3135653705c3ef1feefb346be,ethereum,2368,21336,8.37%
722,0xe066b0757d6df8d5f28ca2345a95da76d15e6d52,polygon,386,5000,8.37%
723,0x32f9082697a427e4ca2ca166cdab266a43a866fd,polygon,117,1518,8.35%
724,0x47f80003f5dfa14c12d25dd52c2bbab9f206504e,polygon,86,1117,8.34%
725,0xa2614955555477a6151252d9936e5a3b385c3ad9,polygon,762,9775,8.33%
726,0xf232f53d5782147342766d0ea98f96529aaebf6a,polygon,2760,3250,8.33%
727,0x30c7f4f7504d6366916f669cd8e731ed4df6c702,polygon,30,390,8.33%
728,0xaedd8349783b903d76716bb559b180e988c6afaa,polygon,2,26,8.33%
729,0x56a07d0745785682950742ab55247330c80b5a5d,polygon,2892,36234,8.32%
730,0x5f9dc6302f94475bb7127d63ca6b681830687f9e,polygon,11,143,8.31%
731,0xfa682c827688a74dc69cbefbcc7af8238d9043d0,polygon,333,3302,8.30%
732,0xeeab1c3b6f441c9824a27c91e45b6a17586ce3bb,polygon,17,222,8.29%
733,0xcdfc844cfae255901584bb48fdd508332cb0b188,polygon,83,1084,8.29%
734,0x4bafa279e79b7c188875e3dd2b6ce49edb14e633,polygon,516,5443,8.27%
735,0x9f36a6bb398118bdcd5b1bc3343d8feb6d7d02b9,polygon,322,4216,8.27%
736,0xd43acb51e583a976f1ca1fe1613b9f0093c6bb2b,polygon,382,5002,8.27%
737,0x808a338308b9c0e7a33dec63b48138cfe724d08d,polygon,10,131,8.26%
738,0x27f8a835fd9ddfcad6152f7b966f069c646b0c45,polygon,14,184,8.26%
739,0x5ec65ecb51149f404f7f1a8fba788f840ab278a2,polygon,376,4931,8.26%
740,0xa03a5926253d797eff9f8fe8ce4d7362e6fd84ca,polygon,842,11053,8.25%
741,0xb7f1317411b4424154154453675b59c74acddaa6,polygon,740,9464,8.23%
742,0x09528b6c6fc792eff0c70563c9b4c4c6e38da61d,polygon,4417,57890,8.23%
743,0x2adf67914166a5e5dbddfe598976e22a394d2556,polygon,1344,17300,8.22%
744,0x554aa7b74ae0bc1bbdcf816a58fa88d7e60a4daa,polygon,5,66,8.22%
745,0x36bee5a6f3cac881f076fd589285401ea64d6d0a,polygon,87,1082,8.20%
746,0x329eb1ecb32014494563bec1e04c9010ee176307,polygon,27,356,8.20%
747,0x915c4580dffd112db25a6cf06c76cdd9009637b7,polygon,120,1518,8.20%
748,0xff46e3945985efeb68bf03dd8d0d6c36ca2cc596,polygon,232,3063,8.19%
749,0xd99dae5c6fe75cbb420d3d9a6e39e50c72af8149,polygon,22,291,8.19%
750,0xd02ae906edc339872b8300020fc4411c4f4036e1,polygon,414,5475,8.18%
751,0x17fd68f4f3035a1b51e6e662238784001f76a8f9,polygon,161,2130,8.18%
752,0xee73ef25cc3cc06475e22bea6aa830bba9661b71,polygon,827,10817,8.17%
753,0xbf2eb6fd792ee20e8d8aee938b0ae34c4d5b730f,polygon,98,1298,8.17%
754,0x818854b363b90791a9ebc29e2f9c7f1055ee5a4d,polygon,286,3789,8.16%
755,0x5cc6e185af81ed0d1265b47763ac4693270740e5,polygon,42,558,8.14%
756,0x55bcc5c24ef24fe3483d1df138db0eb648342ab8,polygon,13,173,8.12%
757,0xa096f7d0aa83df9e41669629caf4ed435fe228e9,polygon,405,5390,8.12%
758,0x9fc4b7d5b008541ba24afd0322b0c8b3aed379b7,polygon,1315,17263,8.11%
759,0x9a60834eeae28756691c9473ad7ca7b4b3c34752,polygon,580,7243,8.10%
760,0x3af3212c70b2edc6141454333a581b26ec3a52f9,polygon,145,1934,8.10%
761,0x1bf7f23930b60afc0a0f85d77bf9cd8eafc2325d,polygon,61,817,8.07%
762,0xcbe10324ae2d82fb618fc4a17a1d19d0b0ca9b9f,polygon,3725,49786,8.06%
763,0xc9b8093397ffc3a0574723cc23a6aeabe88df913,polygon,423,5403,8.06%
764,0x7f3df2e485087ac9bf090064b7ab867c3aa2a36e,polygon,1306,17272,8.04%
765,0xd9bb8da59c4ec4c5589c1c91cd4acac76bc70988,polygon,247,3116,8.04%
766,0x36d193164fc9827b08746981dc5c0f8d7a062f54,polygon,856,10832,8.04%
767,0xb55259064cf72e8ac0d894477411a30c84480a12,polygon,819,10809,8.04%
768,0x85a932d210e893c3842029148dd18d60c3281763,polygon,352,4321,8.02%
769,0x4b53e317c5fed469d9da4ea1e7ac9694def4e82f,polygon,663,8927,8.02%
770,0x611949625689dc20bd0b2f8f4a0c0d9f2f0136db,polygon,1301,17277,8.01%
771,0xa2ed24bd67f9cd1baa6b81403342b31f3bca4cf1,polygon,6,13,8.00%
772,0xdd45ca901067d65860b54d4310e37371cd92fb09,ethereum,427,2700,8.00%
773,0x773a17abfb65f63f342b6cec0da7e6e192ab11d2,polygon,323,3240,8.00%
774,0x756a0fae83e2d76fb8021b8316a35321b8ac8069,polygon,2,27,8.00%
775,0xf2888ab633687c13858179c8ddbb74caa29f4948,polygon,11,149,8.00%
776,0xf0dfe7614462c705e7d7728603fc80af193c81a2,polygon,406,5280,8.00%
777,0x6c4ceb3e22b75ea991dbd36b8eb268534eb9326a,polygon,840,11217,7.99%
778,0xe0ee42934da080535338b041ee3c6dacbe249025,polygon,44,527,7.99%
779,0x00e6acb9346c6d4940a167f7b196104fa7d84c85,polygon,3599,48547,7.98%
780,0xff3bd032f2ec4173d73d27df00de4b4d36ce911d,polygon,224,3030,7.98%
781,0x9fc34aa46bd4cc5c452d3e8150d27c48fba82ebc,polygon,207,2802,7.98%
782,0x8374d4373fb859e4e4acc553c0115605258ce7ef,polygon,32,366,7.97%
783,0xcebd1bc32d5da8144cfaa634884e38b617ccbd91,polygon,119,1613,7.96%
784,0xbb8594023ce9a3ec9113345506b9f810039b6990,polygon,844,11021,7.94%
785,0x188e6b73be6f02c8f762dbe0e8a428139d344ab9,polygon,16,218,7.93%
786,0x4d9d66eb405a00d3190296164a2082d0dd0ae7d9,polygon,806,10796,7.91%
787,0xb8b13611a741a54d8b557a6b2259951d8a2381bf,polygon,11,150,7.90%
788,0xc8f7c0dc39c8f736e8d9ffd85c4adcb3c7a4bf37,polygon,509,6882,7.90%
789,0x44ecbf70c90b5dfd8c60daba42e92c4bea668bae,polygon,79,1079,7.90%
790,0x9cbbcd3b4129b1c00f0cd851baf118ebb0c4f168,polygon,735,10050,7.89%
791,0x00b976df770d6e8e91c5b79feed8086c3dc66117,polygon,16,219,7.88%
792,0xa27ed6126b2ea7a06af5b7cc3ccef4883c573961,polygon,33,452,7.88%
793,0xbd5e252a9fbb630c6fddf1c34997361310d35089,polygon,1989,26849,7.87%
794,0x3a920ddbc41181846785ae9ee89929ffd26deeae,polygon,68,936,7.83%
795,0x09e329413234e621aa810481b271ab80e1fb4ae4,polygon,21,289,7.83%
796,0x8ccef1585d48f72bdbe2c1e246d2323dde058612,polygon,5,69,7.83%
797,0x20da8df0cf4121f4102afdcc0484baadd9fd4481,polygon,23,317,7.82%
798,0xbc9639312066a4b31b9c78d36033fbe68a2b7c3d,polygon,17,235,7.82%
799,0x77bd5637702ad66c8bd82e2c5c5fd4c7b73dbe51,polygon,73,1008,7.81%
800,0xfde54fc34d872c809b22473ee7a3db7b1e2837b4,polygon,28,387,7.80%
801,0xd87e6a1393e3152f798b212ec0f9bce4587658d1,polygon,15,207,7.80%
802,0xf1e4e08d92649d249bc017acfc024f9c3a16bef8,polygon,5,69,7.78%
803,0xb44b6442b731d9954819470f6f528aa3e65dff15,polygon,40,554,7.78%
804,0xbd167d37df42df3e8e2d4ffbc8993e3100097ac7,polygon,217,3008,7.78%
805,0x2a7d165dfb723cea385b9859a40c5465a5573488,polygon,1294,11941,7.77%
806,0x529f92da9768adb2b9521faaa2b6ee09da788e5c,polygon,113,1569,7.76%
807,0xf3b06b503652a5e075d423f97056dfde0c4b066f,polygon,555,7707,7.76%
808,0x8d53ae28be399899d0a5a7617cff1dce5d656b06,polygon,77,1070,7.75%
809,0x3cc729e9cd6521e3e97cffc17a60005f1e78e5ac,polygon,421,5875,7.72%
810,0x7b995f47b97a1e888f2867700cc09db5628975e1,polygon,51,642,7.72%
811,0x0057bd83a142da84b6404616c683e21e7dd6fa5f,polygon,4727,58227,7.72%
812,0x1240e117edbb305a2825f2dd712b54c8966a7c77,polygon,187,2610,7.72%
813,0x068b5698c9598a0e0ece95d81c68165c5771dbdd,polygon,28,391,7.71%
814,0x85ba9e554e0c829a619023583c2763b6bbba7b5e,polygon,146,1969,7.71%
815,0xde18510f80e743fe9b855ddbaffecec6ad84cc66,polygon,82,1077,7.70%
816,0x6f84692b143ddfcd8cd123c4d79c3ba3c7a063c3,polygon,497,5280,7.69%
817,0x35287416764f1bdffe4d8db5c3f4d19a2b6053d4,polygon,10,140,7.68%
818,0xdb0b53ad3766da8de7b9de0d98d1ce25efa6ab6d,polygon,754,10574,7.68%
819,0x4cbe6b580dea5afc631b2b6f8a5979b14cc8bbd0,polygon,1333,15794,7.68%
820,0x5c619cc34192378c0e2baa49e3fc5ca443b595f6,polygon,696,9694,7.68%
821,0x67b72964b1a961315386c9a48c86e29e0a773c7f,polygon,105,1475,7.67%
822,0x4e3d9399c28c724293dd545225ec843ac4c9e953,avalanche,3617,50472,7.66%
823,0x39b34a2f574aa4f756f632d6abae3cf754e14c77,polygon,5,70,7.66%
824,0x59665765cac5b3bcd718715d7e57a43e669dc006,polygon,160,2252,7.65%
825,0xc55e5dadfa858ca2048d5bb0b536f84913cf4f19,polygon,65,915,7.65%
826,0xe0ecce6515f8b366aa120480c231aaafda4b21d5,polygon,26,366,7.65%
827,0xb01d1afc638b294d5471c836dc876fdf53b6ca5b,polygon,1240,17191,7.64%
828,0x136e86982149210779b2b9703c074c7237909003,polygon,77,1086,7.63%
829,0x7a0ca2021203233a8fa3d5abedd00e1598842d0e,polygon,785,7211,7.63%
830,0x3fed71848b74b9f3ff26544cad368c082cb31961,polygon,6019,84163,7.61%
831,0xb402f894584a696bf7fa116b3e864a355e8d884b,polygon,540,7638,7.61%
832,0xef4965545f010232390ef2e6c2a805e05d317cbe,polygon,1277,17200,7.61%
833,0xfd1da8fd51f577da173a759d2ce9d5d8919adbac,polygon,11,156,7.60%
834,0xece4a7e12577b5e62dd431497b8de03e7346bae0,polygon,760,10760,7.60%
835,0xdc90bed1dcdf2147f88ea8b90adb4335e9de0345,polygon,81,1076,7.60%
836,0xaad1f5b79e459811f85edb4db6ddf426240eba21,polygon,1229,17194,7.60%
837,0xed77dec7e560bb9c0b82c497ab6242e4cf61ec6c,polygon,16,227,7.60%
838,0x8a7d994fdc794bc7e398a76fd5246246623f9557,polygon,758,10758,7.58%
839,0x79dd5c25d2ce3e386e5d0d74dc84e23f581d9786,polygon,6,85,7.58%
840,0x1588528a531e54a4b6485421e5a07f90fe2ed2b7,polygon,398,5378,7.56%
841,0x23772051d791708db34bece5a0138b8fb7ad6ac4,polygon,10,142,7.55%
842,0xd8e8034fcc2deeb1fe33ad8e19f988f2d6d2df1f,polygon,457,6525,7.53%
843,0x476b7d3827505d0c5f0c016e2c3f884d536fadda,polygon,7,100,7.53%
844,0x23fc6604d18ebb7c495a8cc0955ddbc6270ce8a2,polygon,75,1072,7.52%
845,0x256c1374502c2c1df37f226f15b07eaa6cd09f3b,polygon,1742,22283,7.51%
846,0xf191cb45372f113d6e2783bc4e0a11a8fb838df7,polygon,1519,21504,7.49%
847,0xc3b33bc09dc0421757c62e15741086a5f720a5e3,polygon,754,10749,7.49%
848,0x5c10afd2e8c8ae7e282aea60759209f32edfe3d8,polygon,8336,80061,7.49%
849,0x35e8abb188aa5f64f069f43cd6b6ee567ae1ed2d,polygon,69,991,7.48%
850,0xd61cdb327d82fc77d119bfa82d489514d5c3d89d,polygon,15,216,7.48%
851,0xa9df209c97e41103c75bba1a17d1228e8acaccf4,polygon,6,86,7.47%
852,0x19b456d4a624b1b5cbb6737536c6019aff784c79,polygon,679,9407,7.47%
853,0x3bf940f8216623754788e98fac42fad131da6960,polygon,747,10747,7.47%
854,0x3131e29587fe93f5107e3d89fe8cf89ae2c3438d,avalanche,544,6448,7.47%
855,0x2e36b361d9b711022b63d145c01a7a599a464894,polygon,15,216,7.47%
856,0x251c47ade226731051124b8b34bfe8c46a8f8874,polygon,5,72,7.46%
857,0xb1d7d8e98d3148c6b2a973ad529584c6360cea63,polygon,10,144,7.46%
858,0xddd8ea4844e458a62c25969a75f1006b6e1ed6b8,polygon,10,144,7.46%
859,0xf58bdd1752c5597c379c8cf873708908775107da,polygon,33,447,7.45%
860,0x5434289767bb094dadbb8d1e5d58b47ca5729063,polygon,140,2020,7.45%
861,0x5d59ec45d49be6cda10fd82fa4794baaad062aad,polygon,88,550,7.42%
862,0x381edb1f2e283bb3189117d5e4433aacb03a1e08,polygon,1498,21488,7.41%
863,0x320937d2ab6706deb8bd9518775e99ea51fa8d6c,polygon,1392,17926,7.41%
864,0x0503b22e87d7a09b9bf7eae60ed450285fb8bec6,polygon,1,14,7.41%
865,0xea4834b14bd4654bd75001a7b715ca7ba4da432d,polygon,11,160,7.40%
866,0x1875f9c822018fb46e0a14a7eeea5637495d6dd5,polygon,311,4501,7.40%
867,0x60964766bb471e0c11dc763d1e603d2ad45f675e,polygon,1327,18835,7.40%
868,0x03d69800ac2469fcefc3f21d2d93ed2994a7b1ce,polygon,486,7061,7.39%
869,0x4e481093a978a146e3d45567f58e172030742a73,polygon,749,10739,7.39%
870,0xea214c2540772aadadacb11c8a2844a4a31d2a43,polygon,7,87,7.39%
871,0x3248f72e8c4c730718fce2b6f396e6ab4b12549d,polygon,749,10742,7.39%
872,0x2484d1375c8f01a801140a34c52f316bd5c71c89,polygon,916,12885,7.38%
873,0xcda6de577d10c2e34da144c17760a8f1dc7bf847,polygon,15,218,7.38%
874,0xb7088c3728d12315b6c43790d13f0bae4fd05d59,polygon,352,5122,7.38%
875,0xddd165f1e9168a9b62d465c462c4abbf0a944e73,polygon,1200,17176,7.38%
876,0xfd3834d83edb371d7c367602994a499a2a4589c3,avalanche,5,73,7.37%
877,0x7eba22612fd1d4ca07bf11b73d3a7d8d50f557dd,polygon,1,15,7.36%
878,0x2a84947a0bd2b6914816ec3e3b247d58f26fa91c,polygon,338,4294,7.35%
879,0xa5cbf37eef0e6a2c46d931895966ac51540139e8,polygon,77,1126,7.34%
880,0xd0d66e32062a35df029c7a18d898f0d7efdb1c3c,polygon,11,161,7.33%
881,0x47e5271c2f41c91bf29fd46f5e55e5777f1c6365,polygon,483,6852,7.33%
882,0x8fdd0f594e3bd176632e7e18f91bbafcdb6a916b,polygon,743,10738,7.33%
883,0x0ce76aa8ece20a7441d11251f2f87b3fb9636462,polygon,944,12879,7.32%
884,0x38c63e0ce6a83c05cddc54b4aff031252fca9456,polygon,748,10735,7.32%
885,0xa6f05b67bee03aae235b2b758c4364dce29b7c64,polygon,1122,15000,7.31%
886,0x1306e209951b1bbb150eddd894b7ebdf29fd0066,polygon,1089,15774,7.31%
887,0x5fa079673749104641b0e59388a87c84c2843fe6,polygon,23,338,7.30%
888,0x118b774cd5d1c146e5b7a581404a981028968522,polygon,1172,17160,7.30%
889,0x9d8fde796b53a33c6f6cd28f32b7df8ce6fc80d2,polygon,38,559,7.30%
890,0xbd9d71c62a6ff51c8231307126b82826cadfcda7,polygon,192,2758,7.27%
891,0x6a3ecf7775f1dd26b69c020de6310b26ef9338f2,polygon,30,443,7.27%
892,0x3d713067761725e6a237e5a0572aa47348eafe3d,polygon,1505,21725,7.26%
893,0x76fddbc05567e19decf3cfb04614dbdcaaab1c38,polygon,746,10731,7.26%
894,0x4638f04ad21738a770e3af90d8e8209ef4cf74e9,polygon,1213,17121,7.25%
895,0xa9d2ca9d3eeb76f03ddb1be08aa97b0dc0ee5ae9,polygon,1466,21454,7.25%
896,0xf7a5866fa247546f36d7430a7df054f02033dae3,polygon,321,4290,7.25%
897,0x7a824bea2bed9399a68cd0e340224809521c81d9,polygon,121,858,7.25%
898,0xddbd5f0e4695758ab02e01a60401bc7a24c51916,polygon,68,1007,7.24%
899,0xc449cc3ced5b9a602c38564dfa0a5ba287f43edc,polygon,538,7184,7.22%
900,0x1d8c3b6af55693db74cfd3da9425c1d32903818a,polygon,860,12772,7.22%
901,0xb0ad810c3d892f4b7056b2aadfb1513335875969,polygon,20,297,7.21%
902,0x47ea99db63e48350fedec5a1abe914f57c0f85e0,polygon,726,10724,7.21%
903,0x7369b6640906345eb50e5cf3bfeef057141e10c6,polygon,84,1251,7.20%
904,0x9b75e2b096d27f2d8d0491e6847c78308f1add1a,polygon,590,7075,7.20%
905,0x02b8db8f6d8fdfc914096ec6b20c9e6712781982,polygon,90,1342,7.19%
906,0x18c6a47aca1c6a237e53ed2fc3a8fb392c97169b,polygon,146,2179,7.18%
907,0x3f445f73b45ce85347e307db64338561fcd3bb31,polygon,174,2583,7.18%
908,0x0c7917000e7ae7d5b0e6e9f1cc65ca5cc2b5c2aa,polygon,2700,40055,7.17%
909,0x66c184dcfdbbb4a1e95ae2feb7890f539f5f8429,polygon,10,150,7.16%
910,0xcde771cb4b774d9e78192d111ab45a34cf60e583,polygon,726,10716,7.16%
911,0x85d5bd326078f2879891647d9c2505d3c3599022,polygon,44,659,7.15%
912,0xded0e76f559e39ff5dff607b0d58dcf86b0b58d9,polygon,1149,17137,7.15%
913,0x6444f266a4a13354a4c47961d8175291940acf4a,polygon,775,10715,7.15%
914,0xf1770145622f1f7176da50e46c545791e5b3e351,polygon,5,75,7.14%
915,0x303c824d64f58dcaf2da3903ca157d53a32a8970,polygon,7,105,7.14%
916,0x14f70de7edd23759cb6da82cdbfb2637196edb50,polygon,1,15,7.14%
917,0xe198f0df74b9786ee4a230023c51669216c9b98c,polygon,204,3063,7.14%
918,0xb6b21c02b40a4947ef6b3447d346c516c81b501b,polygon,60,901,7.13%
919,0xfc58e1493b57f4cbe6717e57c677f110880cfc65,polygon,44,662,7.12%
920,0xe866d36a84ff74ca4d9277abcb83640bb2cd2523,polygon,2331,32131,7.10%
921,0xd560f575d42d88d3b8212dcd837604e552374e33,polygon,116,1749,7.10%
922,0x2f0e746590478841eb2a21270c317334c39398ea,polygon,790,11919,7.10%
923,0x2e4ae4d3bd0af45040b4f17e0bb7e6dc548626b1,polygon,4769,71228,7.10%
924,0x5ad5d14fd858a729736aad114a25f89319f9a2d8,polygon,685,9422,7.09%
925,0x66587b0454035873c8228b83807c89f2d1883a4c,polygon,421,5000,7.09%
926,0x695eee934d5cac8e1f754752d06031200be93038,polygon,73,1104,7.08%
927,0xe3cb2dda8047a7dbe2ba2770f0f8f72e630d040e,avalanche,10,151,7.08%
928,0x365f085178dda4c35b41d70860a5c875d445041a,polygon,726,10706,7.06%
929,0x9feb7aacd59e82ae3b037445f815e98d53fbd8cf,polygon,12,182,7.06%
930,0xfd1174fd65adde4d63c5bf68a000580a5c0a79a9,polygon,45,683,7.06%
931,0x8910d28d2d7a29969d73eeba8ccda3b228880b5e,polygon,17,258,7.06%
932,0xf0138d2e4037957d7b37de312a16a88a7f83a32a,polygon,10,152,7.06%
933,0xd5e12ca66dd8bf5e578debc31c5989581bc9d598,polygon,826,12569,7.03%
934,0x3af3ed9f499700a267ed6355715f9d3338c7fa0f,polygon,703,10703,7.03%
935,0x23c2c90edddab98c5734047d1ae5f5c9ede99cdb,polygon,126,1919,7.03%
936,0xd77e879f7281f3e535f58b6e38a5c37fa2f143f1,polygon,328,4281,7.02%
937,0x7728dad2f140495b2021d0e9b57a30f087efee00,polygon,107,1631,7.02%
938,0x3de88ecd5b8488619b1dea1387c3cd9614aeee4b,polygon,43,641,7.01%
939,0x7d81a77cff9862ab62009748c24e903bc1317f72,polygon,7,107,7.01%
940,0x00fdbb477d1cd363c333eac93fe7eb0397acd470,polygon,2244,32902,7.01%
941,0x2f86ab99e4548a98e0e6fe2fd6e33de02f9bdda2,polygon,28,428,7.00%
942,0x88959364ec2fb18b723572d9ae9163c6fc4739a8,polygon,35,535,7.00%
943,0x5a515ed01d7a673bfdb866439377917bc57411a1,polygon,7,107,7.00%
944,0xa73afe1a8b1cd6a2a1f7bf9d68d6da70649b6cbf,polygon,14,214,7.00%
945,0x1c506e5eb9f177765c8a0f9b9148035e574f798a,polygon,32,413,6.99%
946,0x213398b42fa9f344574f9964a6b0774f52b393c6,polygon,714,10699,6.99%
947,0x3829b9aa2cadb595d4ae7e4f2739a312445cbec8,polygon,35,536,6.99%
948,0x688b15986ead1307ee27cdbae12c22c24225951f,polygon,698,10698,6.98%
949,0xab8a57cefe1b79792e953dd8702cf55ee3f305a0,polygon,27,414,6.97%
950,0xc66293c36e206e2205375bf08ba8918a2169c520,polygon,742,11156,6.97%
951,0x39f082609c0d35e4edd5827f4fcd532b9cac2cda,polygon,422,5340,6.97%
952,0x23d511efde3ee17a5683fd9a6e7240c932c57524,polygon,86,1244,6.96%
953,0x43b53acf95f9b7148c2eb8931d312519735d8168,polygon,554,8515,6.96%
954,0x1407a74417bbd800878da73d30df4a01634dc323,polygon,706,10699,6.96%
955,0x4ef1f62ff21522c3ba9197a7ced991291cc49924,polygon,13,200,6.96%
956,0x32f76ebee86b5373cbe2e2684c9542691ca1e278,polygon,8,123,6.96%
957,0xf41804ef7b3f3d0f3dbb3f6c3fd45ade4d51539d,polygon,1431,20086,6.95%
958,0x3a8e846ed44a8c4ca5a9e859fde40784fd0c9677,polygon,6,92,6.95%
959,0x61b32e9bdf1dbe6befcb5f4923701540ca129fd9,polygon,998,15350,6.95%
960,0xffcd7d1b7ca94458f780490176a3b01e55f05dae,polygon,594,8140,6.95%
961,0x4a4016d1cb5b6e3cfc2746e418f53a296357f564,polygon,180,2770,6.95%
962,0x2c542bb7d044ae49e93b565e8602a78f04501c58,polygon,903,13762,6.93%
963,0x2aac5fc01d9acd739e7c61e6a57647dbb27b8d3d,polygon,7,108,6.92%
964,0xa20c161cee4485eb8519edb0861b04b4d4e2bfd8,polygon,18,278,6.92%
965,0x17fe1c6dbf7de5d29be6c178d597312375ee4dbe,polygon,352,5437,6.92%
966,0x540052ce0b349a4b0f2368fb2012cb64f03110a6,polygon,697,10692,6.92%
967,0xb562063340ebb4b1210859f2a7c146a2c9839949,polygon,1156,16982,6.90%
968,0xaa43a547df930824f12f96cd12e75a58a918f148,polygon,554,7162,6.90%
969,0x90b3a8447734da6ea6c14d45c9a860b649ba7b35,polygon,3152,48399,6.90%
970,0xa74fd5d35fa091e2b452d8d5e3f58b76cd1d6305,polygon,694,10689,6.89%
971,0xa14ac1a9b3d52abd0652c5aca346099a6eb16b54,polygon,364,5648,6.89%
972,0x7c3deecb6d71315bc624732b19721b2a1a8c49a6,polygon,13,202,6.88%
973,0xd70804463bb2760c3384fc87bbe779e3d91bab3a,polygon,215,3109,6.88%
974,0xda1c1428c93ff5e53e7cdaa8c090bcd19225b105,polygon,307,4275,6.87%
975,0x2bb9e536a8d97d8cb8afb10732763f0a735e84ef,polygon,161,2505,6.87%
976,0x24f3751d932f030b7096369b8ff00670de26c2ee,polygon,212,3300,6.87%
977,0x3c69dce6b837c4f74e6d115aaaa6a3631767bbde,polygon,27,421,6.85%
978,0xfe7820ff6e01a6134f5e9c3fe471c54d5eb739fd,polygon,13,187,6.85%
979,0x6ccf7a6dbe3536b58a6326f4b1a95d51e6b7a7f5,polygon,1301,20000,6.84%
980,0x9ccb5270f3d978f2252cbfcbad3d3705f412b2f4,polygon,684,10684,6.84%
981,0xb5cb1581413438532c68fcd94610863a4545531d,polygon,689,10687,6.84%
982,0xc1d30a7d51e92ddfa66bb1bdbf7c507935e34a9d,polygon,82,1282,6.83%
983,0x0e9dd59448f53fa240dfd7a217f58d4d5efaff16,polygon,5633,87129,6.83%
984,0xeed8db5d1ec519002e288bc5a0ded333148ef27d,polygon,294,4273,6.82%
985,0xcf68f0d9dd967fc0dd8f5d97e34d4c4b77e65fce,polygon,3393,50794,6.82%
986,0x201e484541f287dfb804710601bed95beab1d896,polygon,686,10681,6.81%
987,0x4d0f1f17d3f8db1697ac186621b582b7e62e99f5,polygon,680,10680,6.80%
988,0x081593562909851caef9fff17169981d70b63714,polygon,34,534,6.80%
989,0xb9893dee837b4ffdce39522dc06069a94d30889e,polygon,924,14439,6.80%
990,0x6de33e6c5de3a8b695cf6cb537fb393735786b1c,polygon,611,9611,6.79%
991,0x11cb4b21b11b6c1282291a01cb7725933fd76792,polygon,239,3684,6.78%
992,0xe1f38b0af72a6d12d41310252046acb4bce5c78b,polygon,374,5339,6.78%
993,0xb6a4f8003a5c47d8aac0261fab9f424ebc886e3a,polygon,307,4271,6.77%
994,0xcab5541bad35e9ee799bea9765c3c416d8cc1bb8,polygon,89,1324,6.77%
995,0xdb5a1b058000813d9dbec9676587315ca7e7bcbe,polygon,179,2745,6.77%
996,0x02c8429adeb15c91a5b4c9d38d81afd23e119a23,polygon,5,79,6.76%
997,0xda0cc0867460b69e454760da9a6f646c74c51e97,polygon,63,995,6.76%
998,0x958e3ef27c9e9f2b73ba066996b24d861f09fdca,polygon,5,79,6.76%
999,0x9d916afe0a780115f53f9b322dba932e7654224e,polygon,11,174,6.75%
1000,0x5a517991100fe1b1a813729b958124932a96ff32,polygon,10,158,6.75%
1001,0x7974acd056a00f7a4956f3a827b213df0099d747,polygon,56,886,6.74%
1002,0xd7cd3b350b66c42972ca8a2ec02b570dd0877cdf,polygon,527,7151,6.73%
1003,0x0cb2cc35926fcccfdb947d166c038f0029bddc03,polygon,1075,17055,6.73%
1004,0x9d0a5d44ae1968c894a3be4fa4d90a520f18c1b8,polygon,1365,21350,6.72%
1005,0x0c9e01b5e848d4939e0acca34daa1e402d22182f,polygon,160,2540,6.72%
1006,0xf9200c2501151b315ca697bb85bca15db8302180,polygon,41,651,6.72%
1007,0xbf046471ca3e2705991ca42e790cb6f427284cb6,polygon,672,10672,6.72%
1008,0x6f0244f4647bbac130a2aad00c776eae7fbbb4ac,polygon,141,2240,6.72%
1009,0x7f8094d9ba8e4bcb73cd0d986b9eedd62e84f961,polygon,33,524,6.71%
1010,0x43d1f6d5ff45aa0f7cb8da7a8da2aabf852e33a9,polygon,681,10671,6.71%
1011,0x5dcdf8a32e99b0dedd3c5209684a9beec4bd478e,polygon,672,10522,6.70%
1012,0xb0b0f6f13a5158eb67724282f586a552e75b5728,polygon,2057,31982,6.68%
1013,0x859788c0da86175614b85b9405a2cea63083a067,polygon,2,32,6.68%
1014,0xb0fb6dbaad72766da16272dcb329aec4cacb86e2,polygon,683,10676,6.67%
1015,0x793c034a17afe27e282ea80536bcb114fd68de98,polygon,677,10670,6.67%
1016,0x6329a5fc0fd3c9fd1e1a480829e73b714f8ea212,polygon,10,160,6.67%
1017,0xc23d06db7cfcfd253bebeef3e023bdfaf8584854,polygon,1080,16968,6.66%
1018,0x81058859926a7b48967363aaeaf72fdf71beed73,polygon,666,10666,6.66%
1019,0xbec751543a148b8b4c14c7b4ce223fbab91266bf,polygon,40,641,6.65%
1020,0x4ec64bf5e19b8afa560f38e742518b21afcb66c7,polygon,1084,17070,6.65%
1021,0x4e42bd9e46444146c6ae31bc301f0ab7cf623ee7,polygon,67,1077,6.63%
1022,0xc28b659a0cae62afb78a1681b39c436e58507647,polygon,663,10663,6.63%
1023,0x260e60d3faab7978150353256bee24a928e5d233,polygon,330,5310,6.63%
1024,0x81ba93b26bce8ca5d649b6607df15e6d45462d8f,polygon,77,1239,6.63%
1025,0xa167a9aca35907d590b74dfee2396f1ae186a8fb,polygon,16,258,6.62%
1026,0x250b4848320809dcefdeb49c3f641e02549a9f69,polygon,1076,16999,6.62%
1027,0x2418195e26904bc830041875b3336c8d89b34259,polygon,1072,17047,6.61%
1028,0xd21aaa0bc47749a2c418f83e0cdcf3ead7823128,polygon,684,10715,6.61%
1029,0xdc98dee24636695582519ff0737d16ebd2f44207,polygon,63,1017,6.60%
1030,0xd4ed9a5861209d4445bc938ff9ebb4cae82537f8,polygon,2105,28019,6.60%
1031,0x570e66b16b33e0e664b64ad53d3deb4f8d3dc2da,polygon,660,10660,6.60%
1032,0xde560114f7b8fa68be26a72cda1839e7bd5d4926,polygon,670,10660,6.60%
1033,0x61e493b937386422e13ef325094e29a45f5f4f8c,polygon,51,533,6.60%
1034,0xdcfad3ce3fb8631c8c3e8f3ead595fbf8a1aa3c9,polygon,700,10873,6.59%
1035,0x29b21feb525b2b4acd0324a457c86c8866cd4728,polygon,684,10664,6.59%
1036,0xfc0c87f068fe6b9761a1cbe960adfb5813a7d0a3,polygon,663,10661,6.58%
1037,0x9d3e31a947efed1be5fe43aa09b6ddd238d956e2,polygon,661,10656,6.56%
1038,0xd3d74b500ea00fed85bdc2c28e62f44f85d7dc6f,polygon,1426,22451,6.55%
1039,0xd8175789725d8c4cd911f059385658ab4d9b9847,polygon,996,15980,6.54%
1040,0x9be06a9f5299752c5c56e280b2c1985267fe098a,polygon,24,392,6.52%
1041,0x0604fa55d8cf1c0905b665373cf75c8962b4efb1,polygon,11,180,6.51%
1042,0xa41060bcac0d7ed0c8d8ddaffe8748e6ebdbafbb,polygon,322,5282,6.49%
1043,0x5d8c70f968234902f953e322effedfd03cad2f8a,polygon,19,313,6.47%
1044,0x7408381aa18d050f00aa69c2ef01fc7897988c72,polygon,647,10491,6.46%
1045,0x95a9fae86abde8c4e7afdfcdc9491f183bbea382,polygon,64,1054,6.46%
1046,0xb52f830ade0a8e88839174df0a8dac9c36940e03,polygon,10,165,6.46%
1047,0xf5647beaba520c2bd06ed77212e22af093fe70e3,polygon,110,1813,6.46%
1048,0xd2754f4bf8288ef7ef49ca318244a5d53cb4e1b4,polygon,822,13567,6.45%
1049,0x855dbcfab031db0817c6800390ed315677cdf5fe,polygon,655,10648,6.45%
1050,0xaedc687fa5376d2fe9d4b81ebfc8c2ba30ba54ae,polygon,56,925,6.44%
1051,0xb86fb57f612ee18dc3f772e40ab5bb87b450219c,polygon,805,13225,6.44%
1052,0xd36cb04ab123648338925a02d05fc37d4bfce816,polygon,1298,21293,6.44%
1053,0x13a477fd91ca18a8d366440a5726227e0bbff4b8,polygon,10,165,6.43%
1054,0x3ceb5e40e76ed5c483845c58542ed4e5d13ceaab,polygon,253,3938,6.43%
1055,0x245178c3482674d16f12f47ed69914d9ac6b302d,polygon,254,4204,6.43%
1056,0x398b35a941c488c7d5e95088585f3e6e0a691d1f,polygon,648,10646,6.43%
1057,0x77bdde3c8cfeaebf546d2a93ff5c3d4f7348038c,polygon,30,497,6.42%
1058,0xa9297bc8d8134cff2be3fb6187e7e351e5c9509b,polygon,7,116,6.42%
1059,0xdb382b0be159443660cc2d471b43717bbad9ff07,polygon,303,5027,6.41%
1060,0xecafb9b26ffa67919de5322777e6571d84215dfd,polygon,5,83,6.41%
1061,0x124822e679c75b223bdc08d48dc5d1682f7ef923,polygon,10,166,6.41%
1062,0x55d8fd591b4bb1dd5d0ac4ff523937cb97a392f4,polygon,1089,15257,6.41%
1063,0xedcc6ee9aa1b85f976b6dedf39b4f44cfd0f9324,polygon,1025,17025,6.41%
1064,0x242bb1368df45f3bff813d9d6cb4f3a077700429,polygon,64,1064,6.40%
1065,0x622d1f50e1e553ab47515227d8d2fa07da5893f7,polygon,10,166,6.40%
1066,0x433bc7873f9266a991f5bbacd7c0de40173d53f3,polygon,6,100,6.38%
1067,0xb288b97f05d54770e15088db360fcb5893a1dc4c,polygon,1,17,6.38%
1068,0x784e7d6b6dc65b182aaacf033f1d2f5f6508ae22,polygon,317,5202,6.38%
1069,0x725f276b2690e9ae6bb8cfb294d2ae501f3a7d74,polygon,771,12615,6.37%
1070,0x34c782901ec5cbfa5748c4b3064909da42111f35,polygon,1279,21274,6.37%
1071,0xdd90e7fb91b9d8775f46b6a5ade1912c0a81b842,avalanche,1169,18187,6.37%
1072,0xc500636dc859fc3ad9d22d6c514cd750126e5c9a,polygon,1036,16969,6.37%
1073,0x44096e900e1896df6884cc349a888f675fc50bf8,polygon,68,1053,6.36%
1074,0x486244ee48d756794ac72757370e94cbaf47f39c,polygon,583,9578,6.36%
1075,0x6b84e2fce033e0a1044120db9d427dae3d9282cb,avalanche,323,5318,6.36%
1076,0x5e8338e42f8047f9f164fde65f5c7f7127908f48,polygon,636,10636,6.36%
1077,0x1b905330b53d1b98774dadc2c9ecca47fdb26246,polygon,194,3128,6.36%
1078,0xbb7239de75130c341286fdbabc18fc1a5e43b89f,polygon,27,452,6.36%
1079,0x5f41b55558b90b85cb187fbd27ba492b608b5b20,polygon,1229,20404,6.35%
1080,0x76775e2567932a4755b30f0af162df46ee69b40e,polygon,1263,17458,6.35%
1081,0x903db971036439c3b8950bd601e386141f628bd1,polygon,1047,16998,6.33%
1082,0x533f5e76693a4dc5c7a852faaea0a42d162e9be1,polygon,60,1009,6.32%
1083,0xcb15649d7b7a1eb01fb1acd14809de6cf82aa1a0,polygon,12,202,6.32%
1084,0xc3f6f9958736eca92a5d50bec96d4de2aae6a280,polygon,62,1045,6.31%
1085,0x5463d7bc530d6f319a243dd075a1937e132c5524,polygon,1023,16994,6.31%
1086,0x25eac2a95f87b0654caca698a4384a661720f2e6,polygon,313,4252,6.30%
1087,0x07c35db04cd94ba5ac618380a4f2de0fe6aff349,polygon,38,642,6.30%
1088,0x31f5f9230118cef4920a59526e0663451d61d045,polygon,10,169,6.29%
1089,0xbe47f85aafccfa4424e1a35d892049ddbfac2ca6,polygon,9,135,6.29%
1090,0x1f83b9f1ac3e32617a89ff600d640f3d6c0a5295,polygon,468,7015,6.29%
1091,0x31ef1c17d2901b0f12da308b836393d112a87ce6,polygon,888,15024,6.28%
1092,0xeb63e07b983d08860295895bbeb3094758d894a5,polygon,627,10627,6.27%
1093,0x26b95db4c89902ba63aca7cea7665cbdf3cf0ee5,polygon,10,169,6.27%
1094,0x043707a35ae5f53a6c5160d645fddb6727c0d1e2,polygon,50,848,6.27%
1095,0x18ac28b7b5a57f185a04601d891342c972144342,polygon,1,17,6.26%
1096,0xc4d272b0f1aa5c052e59700fcd01f7f25df18b0f,polygon,1252,21252,6.26%
1097,0xdd01b07396eb37e01d2a630dbb64e60a4df75dae,polygon,1,17,6.26%
1098,0xe1f987cb66d8f0da79cb0fe245500200bbfba51e,polygon,93,1495,6.25%
1099,0x52909543c4c7141cb8e0cf1de6bc4936037cf8c6,polygon,10,170,6.25%
1100,0x1ac912281d45f195a905a14b732b6b451387b870,polygon,5,85,6.25%
1101,0x60920965e69692698a876af99ce09cf248d0e8e4,polygon,60,1020,6.25%
1102,0xa3ae1cef317e56cf8d1a7807ef620197bb0f61ec,polygon,796,13538,6.25%
1103,0xf1147f7313a24bad6ecd8a1de02bb3417a2c6c1f,polygon,432,7163,6.24%
1104,0x9e545574c59115bd78869d815df4d53a70d83fb4,polygon,39,614,6.23%
1105,0x84e57f7e6bd4a60e8002cb345e2adb75f753dcac,polygon,71,1211,6.23%
1106,0xe8ad17958a091bcdf2ef253396c24dc4fa16c010,polygon,637,10627,6.22%
1107,0xfe849496b50837f4388ad336c0ac5f8b7d1ca99d,polygon,31,530,6.21%
1108,0xc3bc6e51f2e8fc72de2a40a7ccf94e8f555585fe,polygon,563,7116,6.21%
1109,0xbbd09ecf1f064c070930129713350dce79a3ca3b,avalanche,67,1062,6.20%
1110,0x7098d5ee6c5f1d1641f3a872e9acf0b97cc8aa75,polygon,2,17,6.19%
1111,0x09528b6c6fc792eff0c70563c9b4c4c6e38da61d,ethereum,4813,60299,6.18%
1112,0x4c590e7eaf149d4a71912f0efa636521990803bb,polygon,68,1083,6.18%
1113,0x00f5058230d8dff9047b2bdfa14edae21c53d0fc,polygon,1302,22227,6.17%
1114,0xc2323e5e40a0ce806165cd82e35d46030e2b7b26,polygon,989,16957,6.16%
1115,0xf75032eedda0fd09b429062b164e6a00613645b1,polygon,616,10616,6.16%
1116,0x935914ad4a126647af35378384d70c741892a5fa,polygon,220,3794,6.16%
1117,0x508e14e066c2391202922514ab156e44d85d3f6e,polygon,682,10646,6.15%
1118,0x43d4c73adee537e8dd058d1db854a90f4539063d,polygon,998,16969,6.15%
1119,0x229a930db06a3607db89fd8cb7e7e13ed28c692a,polygon,520,7112,6.15%
1120,0xf12d6a3187b54cb82062e492b08bc271edc00b7b,polygon,6,104,6.14%
1121,0x87211c37cdd78e2bb62b3bc35122d25f5515abf0,polygon,3,52,6.12%
1122,0xa69de4e23bf350c4f6c7a0f4d0f30ba7c68ba212,polygon,334,5269,6.12%
1123,0x63ae5818c3d0dffbaddc6b2273b2b3604d4f4910,polygon,634,10825,6.12%
1124,0x991b038faa60b6dc9109354323547a484b4fe042,polygon,622,10617,6.12%
1125,0x991db6607db175c336dda8affd8de78c077477ad,polygon,678,9993,6.12%
1126,0x7692a4436f8252f34258c2bfa846ec5e840d5e55,polygon,118,2050,6.11%
1127,0xd751ec7e9dacc89944979ce2a86885124dd52dc5,polygon,61,1061,6.10%
1128,0x215f56e2ee33250122463fc9b1b4f066f4a5da1c,polygon,129,2077,6.08%
1129,0xc79cbc8400617c9908694fe2bcd1fe2f93c31ef6,polygon,987,16972,6.07%
1130,0x35f0a7f6f3c4799481825c52e7030320d741c45f,polygon,844,12729,6.07%
1131,0x0b69058e79e06d851f39ed31464971f96ea993dd,polygon,17,297,6.07%
1132,0x97ba1ebb5129df5503a83f7286552d31e5e08d34,polygon,607,10607,6.07%
1133,0x24269a5541889eec5afa33cd4b316daad1a98240,polygon,607,10607,6.07%
1134,0xd64a9eb004dec2bc307199a626b72dcd2a76d40f,polygon,617,10612,6.07%
1135,0x4c6418b814b70c0a3a102108e5988cbf4c08b4d6,polygon,60,1049,6.07%
1136,0x62be516b8a624bcd391790d0d41cc6b795f57a06,polygon,286,5000,6.07%
1137,0x6ed43943611416f99f64170cd59e43d45c63b8fe,polygon,1,17,6.06%
1138,0x0cee323290b3e188dc159bb1c7b19dc92c455702,polygon,621,10614,6.06%
1139,0x2ae55c67ac4333dc8d4c6b061db63e4749b47169,polygon,1332,22987,6.05%
1140,0x73abbda1a0c9dde8f83199e7afb94592271fbb13,polygon,296,4242,6.05%
1141,0x60020f103fe5afe856a84d0c6a785e3f121e98c3,polygon,33,580,6.03%
1142,0x3052c6ba9a579fb558207a7ac9feb442277889a8,polygon,5,88,6.03%
1143,0x67305b595b84dda36efdf7f7faa15f089393efae,polygon,59,1039,6.02%
1144,0x47b2b7e7c4cf230924f2fcf3de39358bd645c40f,polygon,1219,21209,6.02%
1145,0x8d5b40d109e928ff095ce8ff2f49025142b15e16,polygon,1011,14296,6.01%
1146,0x11451a541b1f9b6f02b857b82e7c03ac362f9067,polygon,241,4250,6.01%
1147,0xb6e5ea4ad46c59b66d57eefc93991fa61e4df672,polygon,24,423,6.01%
1148,0x3037db6be2afd39f5ab4006ad2c1cb33ddd5f8c7,polygon,60,1059,6.01%
1149,0x599aed04e8bceb618ee7bba2a748fc1f1aed2d57,polygon,12,212,6.00%
1150,0xe7d5284c9b9f21c48ad26778dc40a3a507738324,polygon,30,530,6.00%
1151,0x37431af7162721008e8c8dd64ec3bc2ac6e4f0e3,polygon,6,106,6.00%
1152,0xcde3725b25d6d9bc78cf0941cc15fd9710c764b9,polygon,12,212,6.00%
1153,0x7e267911b83400587d042e5c37adc8ec15decae5,polygon,18,318,6.00%
1154,0x274b58f080acbbfc1c71ccb4593bf9d3fa77c494,polygon,6,106,6.00%
1155,0x16cd91da5099a1e04d2743c43240700dce7d68ea,polygon,6,106,6.00%
1156,0x4455ea0bb80eddb5f27acfaf23cbdf4f2a4605ac,polygon,6,106,6.00%
1157,0x3f6a01f617b75657d1804c8e87cb5a6b76855961,polygon,6,106,6.00%
1158,0xfe7805a9886277a40b34567173950b4303b7824f,polygon,6,106,6.00%
1159,0x0cb671f64e9cba771eaf7063e07fd8a429bad227,polygon,6,106,6.00%
1160,0xf24b35cbbadc6be64fae90fe865ba01edffb2e01,avalanche,6,106,6.00%
1161,0x81831cc81a5e4ea48da346b853808b3fa5f3f2b3,polygon,296,5234,5.99%
1162,0x13d692b32ec4a05801f50853a714f6adbe5239b9,polygon,661,10628,5.99%
1163,0x76a17f10426af3426f89d0bc5908ead1e06f60fa,polygon,6,106,5.99%
1164,0x6102f780a5c51dee8ce46c5db5b62d88119d559d,polygon,20,336,5.99%
1165,0xe3ba74a07049f178b25cf8c21d6f94cf1e7affe8,polygon,598,10598,5.98%
1166,0x5a68ef646fec6bda6154ca03d57b3b257db65bc2,polygon,6,106,5.98%
1167,0x1a6a79666decd8db8e9155b2e8411be8f8f08d51,polygon,1167,20557,5.96%
1168,0xe1697fd478d4f0b8c5c1d51a324b7ad8b6220041,polygon,15,178,5.96%
1169,0x85ebff824cd584e11c7a26939fcfdb3122731790,polygon,1218,21206,5.96%
1170,0x322b46c1ebf5df2f319ddc7c7d208e94faf56f30,polygon,547,8130,5.96%
1171,0x1754352eacb753327fec2d4f48f0fb36b672c5e0,polygon,59,1050,5.95%
1172,0xc2f82a1f287b5b5aebff7c19e83e0a16cf3bd041,polygon,212,2832,5.95%
1173,0x7a682cdb8e30402364aebcd0a94abe74d99af1b8,polygon,488,8427,5.95%
1174,0xa249837c5ef8341d448f49876012a1fe588da86c,polygon,545,9538,5.94%
1175,0xc5ad625dc8f63884b04228bb4eea86d3c171ca4f,polygon,6,107,5.94%
1176,0xec602dfce7a876c56ccd31907d3fde0b34d46f23,polygon,5,89,5.93%
1177,0xf604d927dc2d2f6c6acf2942ba18f51e6ff29c82,polygon,598,10593,5.93%
1178,0x9ad035dd27100a2ecd72c17e27d9b8c9c181b34b,polygon,1251,22358,5.93%
1179,0xbf760fd4535fb211e5c6881b28283b60d1a059bf,polygon,1406,20036,5.93%
1180,0x504e9798b5ad706496522bec81a07788a3daedbc,polygon,152,2723,5.91%
1181,0xdbb99c3f3211fa16fc3b138bfe6c96e36c9dfb76,polygon,59,1059,5.90%
1182,0x599ed10fdea23e5c968ea1de7832011dbc7c9b22,polygon,59,1059,5.90%
1183,0xede22f27ce728ade385eea6b02f360b8f8328ba9,polygon,2,36,5.90%
1184,0x42fc15501884fb655285ac93df972aef68731b37,polygon,80,1257,5.90%
1185,0xb332b8025ed9f8fc50b73a121dfdf4ff745903f7,polygon,10,180,5.89%
1186,0xf631d5c3e48a17f4df135393e1d5c2ae81122a24,polygon,604,10592,5.89%
1187,0xff770424739a77b8990632c75ed859b74c0ef749,polygon,1147,20631,5.89%
1188,0x915dfe99d1ef2428918edc26855c458cd4a51bb9,polygon,999,16919,5.88%
1189,0x62f0bf7c0257a00a31d6101bcf51230aa02f1492,polygon,1185,21175,5.87%
1190,0x9d8e798028a21a3723cb3e3c7b9a5ad84b6eaf2d,polygon,315,4235,5.87%
1191,0xda01bf27eba1bf18a2d23ab6d961875889daeafd,polygon,10,180,5.87%
1192,0xfa98c75c950641c9cde8aab457667e2b70fb38e2,polygon,6,108,5.87%
1193,0x0dae5b404959de846909c54ae184bbd6c43941e5,avalanche,3047,54431,5.87%
1194,0x1045486c1fb947e3036299df93de2a6cc8f3b66f,polygon,6,108,5.86%
1195,0xafcc2979d6d84f8edbdb7726f5f9000a8c8a0de3,polygon,570,10312,5.85%
1196,0x1fb2b6f6b367167e809d6f40fece37abb3ce681b,polygon,590,10585,5.85%
1197,0xa69b45d2f2ae4dd00a7aad9ca699cc6926bb3fac,polygon,1,18,5.84%
1198,0x754a28c690a172502a5deda84f07ab1206c656bc,polygon,950,16943,5.84%
1199,0x7019b745c042c35884a7278a363669c428e80c05,polygon,17,308,5.84%
1200,0xc945f3ea949c6491fb81b33591cc590f4ec6b584,polygon,1406,25037,5.84%
1201,0xb58661a949a2b0ec35236a23ab62036e1011e507,polygon,10,181,5.83%
1202,0x72e679728b55ebe7f095449a6522b71c854bd6ba,polygon,530,9525,5.83%
1203,0x29d83777233a12b434b6c032526cc01b39fae867,polygon,6,109,5.83%
1204,0xd2b528ad0da58df5c8abd4bbd6d58072394e1e5f,polygon,534,9524,5.82%
1205,0xdaf1e6a92c2d62408aa5a3ea64d0fbedf440f6e0,polygon,1321,24014,5.82%
1206,0x9e4a8259727344a18321851ec45e9423dbdd4b79,polygon,11,200,5.82%
1207,0xe82fb1c8e3e902e272ddd593d60af0ced1be6cf3,polygon,596,10581,5.81%
1208,0xc9554da78bd53f411f1446040d6df2562d0b3ce0,polygon,580,10566,5.81%
1209,0x234e461a5e4ddd140203d61af21db14101da996e,polygon,94,1713,5.81%
1210,0xf28bd6830a06004740107aec3619b842ff63b378,polygon,17,310,5.80%
1211,0x5c8a2c6e6df5a95c8b87dcb2e8ea1488cee38944,polygon,952,16905,5.80%
1212,0x17fe4ed21e35b5ad800179b0c20447ca3f5280db,polygon,29,529,5.80%
1213,0x19a12da9196c7c66720bbc751783186c2ec3b538,polygon,101,1844,5.79%
1214,0x6a6344acc9779052247977c12e444eaf7120d364,polygon,203,3708,5.79%
1215,0xf1c1aa0f3b891fd44ae145bfa221647bdd4cfdf0,avalanche,22,311,5.79%
1216,0xc9ee23c8942b8caf78a50412d22303b2a1ddff8d,polygon,360,6559,5.79%
1217,0x82b62aea7dd3609dbc6cf5ca3157dae5ec202093,polygon,944,16910,5.78%
1218,0xb1ae34d49b43bba56dcfa35e1d65ded73226fc8d,polygon,585,9043,5.78%
1219,0x7efc4fd38b46fe37b1fa3365fc0175025b2f360d,polygon,40,732,5.78%
1220,0xbba1c542e8f0675c0cdcbb277a640312bd8184cc,polygon,33,604,5.78%
1221,0x562a1a5536842261f44616b6a43a77d1393d2bd0,polygon,6,110,5.77%
1222,0xd31f640aaa12e215fc00fcf1d081de252726073c,polygon,831,13586,5.77%
1223,0x90b6dc145cad4c4f30b2372ef2f00908d2848a67,polygon,581,10579,5.76%
1224,0x30e9559b389c19610f83f4d5a5c39e1927e6808a,polygon,13,239,5.75%
1225,0x3f9749097763609dab51491a2d84bd879cdf47e1,polygon,580,10578,5.75%
1226,0x5bf607bd04439afc73e615a0929a9410d1897aa9,polygon,595,10583,5.75%
1227,0x82ea1ba6b8cd6e08444fc4273ed59e70a2f47775,polygon,1109,20235,5.74%
1228,0x4b7897d1f947d89a7adefae423bc20a6ffc1edea,polygon,307,5287,5.74%
1229,0xc71602ab7a7507f7cc0687ae1586f4729a1edd6f,polygon,302,5567,5.74%
1230,0x0a01f64fd78d972d50ad68ded5e005d763bc328a,polygon,99,1825,5.74%
1231,0x0228c4032162fc5485f00f2638822c15f32ca561,polygon,327,6028,5.74%
1232,0x8c54f4ca532ad9f20c46cf293ae3a102464336b4,polygon,11,203,5.73%
1233,0x700034b7612d5c6800c1b7e5401bd65c33d3b5fa,polygon,1293,23856,5.73%
1234,0x75c63bdf52cc7d7613186d90e244b7a58f2a2221,polygon,115,2122,5.73%
1235,0x0b85341f7c8b78341763eac1fc9083f027074ca1,polygon,55,1015,5.73%
1236,0x3ec44a823e07555b5f889d8d954eec736eb5865b,polygon,37,683,5.73%
1237,0x788a6ace4e30690904a647220f2150742ff4b611,polygon,587,10560,5.73%
1238,0x87a84fa0a3f9be3feccbe4117ff980f3ac0f09c9,polygon,12,222,5.72%
1239,0xf858581eeb65be9f4595d69b3cbd2f89f1c4a90c,polygon,544,10017,5.72%
1240,0xfd805d1bd1f50919356afaf195d09c51483a335f,polygon,570,10548,5.71%
1241,0x05abce7f3ac5f0ad428feae3802054c4aad92e42,polygon,581,10576,5.71%
1242,0xbd5e9f8f275d3ec6ebe717ae7c8ae1ccac33bd93,polygon,610,7599,5.70%
1243,0xc4616e92a26750fda8249dcd1896b8c4d4b02827,polygon,927,16908,5.70%
1244,0xc1aceaade031f538de325faeb09d1101648dee4c,polygon,41,761,5.69%
1245,0xe9488447fea7e7e490e19fb95b38dcf0167202bf,polygon,52,928,5.69%
1246,0x0941ae5a513cc77c99df2b8f9f35281003d49510,polygon,177,3291,5.68%
1247,0xca451c0ca3fc6e117ec622a785f615791e5a61aa,polygon,1146,21141,5.68%
1248,0xccbc0048ea26ce7d0c2495194d91e7e5ffb7af75,polygon,1150,21135,5.67%
1249,0x992adb518fb00863a169f29d342ff65284a3e670,avalanche,15,280,5.67%
1250,0xf7834ae6bae3f5337638bde581d022e51318102c,polygon,33,597,5.67%
1251,0x145f23feb5fc4d8baba7f3e73601603326401329,polygon,921,16807,5.66%
1252,0x105e025b92fafd3aaa39f45a14d84b29849e779f,polygon,78,1456,5.66%
1253,0x11cc0e44845566b46a88481ee6291e396db53b54,polygon,30,355,5.66%
1254,0x6fe2eeee24effe3bb78b3474e38185bbdb3b68ab,polygon,591,10577,5.65%
1255,0x237b5c9d8b262e7a13a4b5b678996441438c8014,polygon,604,10744,5.64%
1256,0xc43220806c604c981bc389b33e9ca73d49f0e33d,polygon,432,8087,5.64%
1257,0x3a5bde3ed0ed368078729ee6b136ea2eacb2df29,polygon,1070,20030,5.64%
1258,0x92e00d08aa8885ae37a968cc069da1ce1f9b9f16,polygon,513,9511,5.64%
1259,0x40737ba2ae66de69598f254d103d8447188f1880,polygon,523,9513,5.64%
1260,0xa48168c3d73de7b4fed96383e2bef8e53443a263,polygon,564,10564,5.64%
1261,0xb71440fbfad9c0b601c1633b21318619aa3691de,polygon,123,1837,5.64%
1262,0x308f833d14fc2803ebe9691de7e59d3844d7733a,polygon,40,750,5.63%
1263,0x220e108b5b98d2459d8769bfe5e87b0b58466a1a,polygon,201,3169,5.63%
1264,0xaeb490cd3694be9eb0eec330642fc7282c142916,polygon,1141,21134,5.63%
1265,0x7e67e13e1d7889db4aac05a4123b4d73d3060f2d,polygon,291,5088,5.63%
1266,0x05db7a553b1acd10e0774ab809314cacafb4943b,polygon,117,2178,5.62%
1267,0x4c261e7eef87927e1482b4f05bc3105843b83be6,polygon,6,113,5.62%
1268,0x060aa00a92a9055ebfb40a85899673ce63cdf85a,polygon,31,583,5.62%
1269,0x84c6c8f6e578759dac1fb0b103b846f4c1c5e305,polygon,572,10567,5.62%
1270,0xf65417cc3ab411b5e06f6335687fe8694a5738fa,polygon,72,1261,5.61%
1271,0x8aa0aa4b71b1beb4fafae7fc601b9e092edaf456,polygon,14,263,5.61%
1272,0x15c2b4275fa44f2f5ce688d8046ccd59310de05a,polygon,12,226,5.61%
1273,0xe573cdfaf64f557cba2dac9ec45548c734105f9d,polygon,1131,21121,5.60%
1274,0x9a62ea1c82a102001027e408a67bac31d721a5b3,polygon,1010,17337,5.60%
1275,0xc32ada37a22098c091a001c60e58a941cfa9a1fd,polygon,29,547,5.60%
1276,0xd66f2f1d86c0c5477aa1612ca92f03297a5477b0,polygon,6798,126320,5.60%
1277,0x03583f10617033c5977de5d29045381217ebd4fe,polygon,337,5236,5.59%
1278,0x9d582ebfb35169316989d2a53ae031b6d6d088f6,avalanche,52,983,5.58%
1279,0x5367ac095ce9d2051725eab827e1d072c050a198,polygon,10,189,5.58%
1280,0xf81f8fc1d4adf2530f96f3063d282474a073fe20,avalanche,5,95,5.58%
1281,0x96df7f8efee30f0116abf57ca44b6af1ae72ae95,polygon,511,9678,5.57%
1282,0xb19edfb5ee9896637227cb61a4eaeadb2cba49d1,polygon,270,5119,5.57%
1283,0x884aed611804d2b472f08a49ea33798f2e6acf9e,polygon,284,5275,5.56%
1284,0x56203888f752bb091b1fce4f8ea6fda6cd330daa,polygon,576,10567,5.55%
1285,0xa8530acc9c91cceb730dbf675e523db9363cc35d,polygon,689,13064,5.55%
1286,0x0168529623eeed11e3053d4d9b6d6d5b61ce0810,polygon,1145,21118,5.55%
1287,0xf5a004805df30bd04ea04362a83f5d60470ceb80,polygon,11,209,5.55%
1288,0x54331bfdf4a7eaf77cf51fd1538513684dce874d,polygon,907,16877,5.55%
1289,0xea8c2091e2b1537b975680480edf6efe3b65eb66,polygon,6,114,5.55%
1290,0x936edd008b6476e2627106dd03439cd8f0d4388d,polygon,574,10562,5.54%
1291,0xcded1c77bddc71aa52dc0f96f4b0b4456afb2499,polygon,239,4558,5.53%
1292,0xd074b89c7cc7ff003a46893361312a8e8008dae5,polygon,178,3395,5.53%
1293,0x79927e10304d4290b42425ae1232a76a1b2e7232,polygon,310,5918,5.53%
1294,0x57b76ea502d408671a7a94b88db2eae6c91b4a78,polygon,111,2119,5.53%
1295,0x57eec7757f263e71bf45560e656957978f7cfeb5,polygon,10,191,5.52%
1296,0xd8f7da74c9ddd61fb822381de0f459c19891b950,polygon,11,210,5.52%
1297,0x155b22dea44adb21f94bb9b5d41af3f225cc6d7b,ethereum,340,3827,5.51%
1298,0xa54df98f787abbb13f09d096c55d25cc16592831,polygon,11,211,5.51%
1299,0xea4a44c793ddd0c97ed0153ddcf293028a3c01c9,polygon,561,10556,5.51%
1300,0x1330cb1c23edf0d61624b79b6e7fc0c73b2f82c4,polygon,102,1954,5.51%
1301,0xed64adc68d22515f6a5f926b59bfcbf1e6eb4277,polygon,115,2110,5.50%
1302,0x2dd976a5580dc8a9da3c31898e347adf54b9785a,polygon,241,4220,5.50%
1303,0x16617650f8b320cec2de152ed75e18ddc383f1ad,polygon,11,211,5.50%
1304,0x4e6d3125d12249fbdd58d25f979393ca21779181,polygon,11,211,5.50%
1305,0xe9ae53852975a167d8316f4cd4d0837e3eb5d9af,polygon,142,2629,5.50%
1306,0x5fa9b470e4f38f612b89de9efcc652b56d514833,polygon,162,3090,5.50%
1307,0x54c1632c049ff4a1e36b81e5d1d8f079cfdb8505,polygon,11,211,5.49%
1308,0x93dfcb59555cd80b8a89bcd7191a284a36a02a81,polygon,927,17800,5.49%
1309,0x7ee567d2ac5dca4c422281deb1e2334a805ba6c1,polygon,551,9911,5.49%
1310,0xf0dbcc440ddc7da99a78b1cc4140b32dd8c21dbf,polygon,13,250,5.49%
1311,0x5d869739be6c2b1d536fe2d235bfb2cd20274adf,polygon,110,2114,5.49%
1312,0xda2861fba963f54d33cd4606c2dd604700fed1df,polygon,18,250,5.49%
1313,0x1a3bb004c0d9bd9c68ec4b76e7ef379c4571284e,polygon,7,135,5.48%
1314,0x56b383d4b4f3d0efc03ab569470d8321813816d0,polygon,246,4219,5.47%
1315,0x82b67cca67cdd0011b83bcbb12c227cd72aee621,avalanche,11,212,5.47%
1316,0x4eefe17fc407271efcf336be00a45a3fe3c6f923,polygon,11,212,5.46%
1317,0x0e9b063789909565ceda1fba162474405a151e66,polygon,31,598,5.46%
1318,0x5feec17dae11c80e4c10289fdab9998162c657e8,polygon,11,212,5.46%
1319,0x40bb6c315b23e465cf9185797e1fe1eaea4893c1,polygon,546,10546,5.46%
1320,0xceb34245ede9764e57483a9d5e5b94a0294da72d,polygon,546,10546,5.46%
1321,0x4dabe26528904d77dd7c29aeffa4d29b70312db3,polygon,78,1510,5.45%
1322,0x5652d20796cc94622137f1dae537f392cc87ad2c,polygon,43,833,5.44%
1323,0x4fe5cfdc0adc82df8abc909cc9f972347c2673ab,avalanche,1217,23014,5.44%
1324,0x2247d5d238d0f9d37184d8332ae0289d1ad9991b,polygon,15,291,5.43%
1325,0xef9f5075ba501e65467bd878ae8b27d8c72aad3d,polygon,548,10546,5.43%
1326,0xd751671b69b1c6f4667a8c7a8ab247409bdd486d,polygon,335,6412,5.43%
1327,0xcc6b30531de603787a4d0305fc7ed404374cf771,polygon,835,16238,5.42%
1328,0xf9598442b7498fcfd0538b1313d97f6a768c44bc,polygon,542,10542,5.42%
1329,0x18c0c36c6e3fa02bbb65e84eefe1cc29564e302b,polygon,24,467,5.41%
1330,0x461cde402c6b945036df1b49f2703fca22b23d7b,polygon,134,2609,5.41%
1331,0xed854ea390b9c5394007f82ba49444dd101998a2,polygon,6,117,5.41%
1332,0x197e338e1201790fc9f63233528eb71850f33f1f,polygon,32,331,5.41%
1333,0x6177158fe61d7a99f7acc033ae733de3d165f74a,polygon,54,1053,5.41%
1334,0xf1d5c86dcab9e31c6490f92c4d6cedde52cd274b,polygon,550,10545,5.40%
1335,0x869542b5298302cf8518a948e13bd015c1c49ba9,polygon,867,16845,5.39%
1336,0x46a4cca90111bfcf74736c76a27a234531bcfd49,polygon,11,215,5.39%
1337,0xfaab0c73edad6b29123a9107ff671bbcbe721b6e,polygon,21,215,5.39%
